kol,rejim,origin,model,hedef_ay,y_true,y_pred_q50
T0,SOK_2020_04_2022_12,2020-04-01,SeasonalNaive,2020-07-01,33.28497903270504,9.845040557851622
T0,SOK_2020_04_2022_12,2020-04-01,RecursiveTabular,2020-07-01,33.28497903270504,5.228543281555176
T0,SOK_2020_04_2022_12,2020-04-01,DirectTabular,2020-07-01,33.28497903270504,1.9761927127838135
T0,SOK_2020_04_2022_12,2020-04-01,ETS,2020-07-01,33.28497903270504,-42.497226589094296
T0,SOK_2020_04_2022_12,2020-04-01,Theta,2020-07-01,33.28497903270504,-45.175331115722656
T0,SOK_2020_04_2022_12,2020-04-01,Chronos2,2020-07-01,33.28497903270504,-30.290058135986328
T0,SOK_2020_04_2022_12,2020-04-01,Toto2,2020-07-01,33.28497903270504,-37.242759704589844
T0,SOK_2020_04_2022_12,2020-04-01,WeightedEnsemble,2020-07-01,33.28497903270504,1.9761927127838135
T0,SOK_2020_04_2022_12,2020-04-01,sifir,2020-07-01,33.28497903270504,0.0
T0,SOK_2020_04_2022_12,2020-04-01,son12_ortalama,2020-07-01,33.28497903270504,7.890450246953027
T0,SOK_2020_04_2022_12,2020-05-01,SeasonalNaive,2020-08-01,62.498973254681154,-5.87310525485472
T0,SOK_2020_04_2022_12,2020-05-01,RecursiveTabular,2020-08-01,62.498973254681154,-10.586494445800781
T0,SOK_2020_04_2022_12,2020-05-01,DirectTabular,2020-08-01,62.498973254681154,4.797842025756836
T0,SOK_2020_04_2022_12,2020-05-01,ETS,2020-08-01,62.498973254681154,-57.86104569087719
T0,SOK_2020_04_2022_12,2020-05-01,Theta,2020-08-01,62.498973254681154,-61.5817985534668
T0,SOK_2020_04_2022_12,2020-05-01,Chronos2,2020-08-01,62.498973254681154,-61.92148208618164
T0,SOK_2020_04_2022_12,2020-05-01,Toto2,2020-08-01,62.498973254681154,-53.060726165771484
T0,SOK_2020_04_2022_12,2020-05-01,WeightedEnsemble,2020-08-01,62.498973254681154,-61.92148208618164
T0,SOK_2020_04_2022_12,2020-05-01,sifir,2020-08-01,62.498973254681154,0.0
T0,SOK_2020_04_2022_12,2020-05-01,son12_ortalama,2020-08-01,62.498973254681154,1.310443906688669
T0,SOK_2020_04_2022_12,2020-06-01,SeasonalNaive,2020-09-01,34.50845781715758,10.989231264575114
T0,SOK_2020_04_2022_12,2020-06-01,RecursiveTabular,2020-09-01,34.50845781715758,16.43801498413086
T0,SOK_2020_04_2022_12,2020-06-01,DirectTabular,2020-09-01,34.50845781715758,6.605868339538574
T0,SOK_2020_04_2022_12,2020-06-01,ETS,2020-09-01,34.50845781715758,-22.796545981970787
T0,SOK_2020_04_2022_12,2020-06-01,Theta,2020-09-01,34.50845781715758,-27.205812454223633
T0,SOK_2020_04_2022_12,2020-06-01,Chronos2,2020-09-01,34.50845781715758,-12.199095726013184
T0,SOK_2020_04_2022_12,2020-06-01,Toto2,2020-09-01,34.50845781715758,9.226176261901855
T0,SOK_2020_04_2022_12,2020-06-01,WeightedEnsemble,2020-09-01,34.50845781715758,-27.205812454223633
T0,SOK_2020_04_2022_12,2020-06-01,sifir,2020-09-01,34.50845781715758,0.0
T0,SOK_2020_04_2022_12,2020-06-01,son12_ortalama,2020-09-01,34.50845781715758,-1.8613199563826084
T0,SOK_2020_04_2022_12,2020-07-01,SeasonalNaive,2020-10-01,-3.0025495759971608,17.25095599702351
T0,SOK_2020_04_2022_12,2020-07-01,RecursiveTabular,2020-10-01,-3.0025495759971608,31.542667388916016
T0,SOK_2020_04_2022_12,2020-07-01,DirectTabular,2020-10-01,-3.0025495759971608,7.0354108810424805
T0,SOK_2020_04_2022_12,2020-07-01,ETS,2020-10-01,-3.0025495759971608,33.27937088020356
T0,SOK_2020_04_2022_12,2020-07-01,Theta,2020-10-01,-3.0025495759971608,28.920215606689453
T0,SOK_2020_04_2022_12,2020-07-01,Chronos2,2020-10-01,-3.0025495759971608,17.50821876525879
T0,SOK_2020_04_2022_12,2020-07-01,Toto2,2020-10-01,-3.0025495759971608,16.5380802154541
T0,SOK_2020_04_2022_12,2020-07-01,WeightedEnsemble,2020-10-01,-3.0025495759971608,14.261648683547973
T0,SOK_2020_04_2022_12,2020-07-01,sifir,2020-10-01,-3.0025495759971608,0.0
T0,SOK_2020_04_2022_12,2020-07-01,son12_ortalama,2020-10-01,-3.0025495759971608,0.09200824985517642
T0,SOK_2020_04_2022_12,2020-08-01,SeasonalNaive,2020-11-01,-21.104097827845703,35.45477484579875
T0,SOK_2020_04_2022_12,2020-08-01,RecursiveTabular,2020-11-01,-21.104097827845703,58.56932067871094
T0,SOK_2020_04_2022_12,2020-08-01,DirectTabular,2020-11-01,-21.104097827845703,6.639796733856201
T0,SOK_2020_04_2022_12,2020-08-01,ETS,2020-11-01,-21.104097827845703,62.4960512944437
T0,SOK_2020_04_2022_12,2020-08-01,Theta,2020-11-01,-21.104097827845703,59.266815185546875
T0,SOK_2020_04_2022_12,2020-08-01,Chronos2,2020-11-01,-21.104097827845703,31.81500816345215
T0,SOK_2020_04_2022_12,2020-08-01,Toto2,2020-11-01,-21.104097827845703,16.472469329833984
T0,SOK_2020_04_2022_12,2020-08-01,WeightedEnsemble,2020-11-01,-21.104097827845703,58.56932067871094
T0,SOK_2020_04_2022_12,2020-08-01,sifir,2020-11-01,-21.104097827845703,0.0
T0,SOK_2020_04_2022_12,2020-08-01,son12_ortalama,2020-11-01,-21.104097827845703,5.789681458983165
T0,SOK_2020_04_2022_12,2020-09-01,SeasonalNaive,2020-12-01,-34.310592493298216,30.67981628914958
T0,SOK_2020_04_2022_12,2020-09-01,RecursiveTabular,2020-12-01,-34.310592493298216,54.496604919433594
T0,SOK_2020_04_2022_12,2020-09-01,DirectTabular,2020-12-01,-34.310592493298216,5.392592906951904
T0,SOK_2020_04_2022_12,2020-09-01,ETS,2020-12-01,-34.310592493298216,34.51125657650531
T0,SOK_2020_04_2022_12,2020-09-01,Theta,2020-12-01,-34.310592493298216,31.721965789794922
T0,SOK_2020_04_2022_12,2020-09-01,Chronos2,2020-12-01,-34.310592493298216,7.352210998535156
T0,SOK_2020_04_2022_12,2020-09-01,Toto2,2020-12-01,-34.310592493298216,-17.286632537841797
T0,SOK_2020_04_2022_12,2020-09-01,WeightedEnsemble,2020-12-01,-34.310592493298216,54.496604919433594
T0,SOK_2020_04_2022_12,2020-09-01,sifir,2020-12-01,-34.310592493298216,0.0
T0,SOK_2020_04_2022_12,2020-09-01,son12_ortalama,2020-12-01,-34.310592493298216,7.749617005031705
T0,SOK_2020_04_2022_12,2020-10-01,SeasonalNaive,2021-01-01,-50.27348041149137,18.78633798494572
T0,SOK_2020_04_2022_12,2020-10-01,RecursiveTabular,2021-01-01,-50.27348041149137,33.255577087402344
T0,SOK_2020_04_2022_12,2020-10-01,DirectTabular,2021-01-01,-50.27348041149137,2.735330104827881
T0,SOK_2020_04_2022_12,2020-10-01,ETS,2021-01-01,-50.27348041149137,-2.9987981953819016
T0,SOK_2020_04_2022_12,2020-10-01,Theta,2021-01-01,-50.27348041149137,-6.376551628112793
T0,SOK_2020_04_2022_12,2020-10-01,Chronos2,2021-01-01,-50.27348041149137,-6.022164344787598
T0,SOK_2020_04_2022_12,2020-10-01,Toto2,2021-01-01,-50.27348041149137,-13.947253227233887
T0,SOK_2020_04_2022_12,2020-10-01,WeightedEnsemble,2021-01-01,-50.27348041149137,-11.94596808004861
T0,SOK_2020_04_2022_12,2020-10-01,sifir,2021-01-01,-50.27348041149137,0.0
T0,SOK_2020_04_2022_12,2020-10-01,son12_ortalama,2021-01-01,-50.27348041149137,6.061824873946648
T0,SOK_2020_04_2022_12,2020-11-01,SeasonalNaive,2021-02-01,-56.20072992364159,2.530313051816066
T0,SOK_2020_04_2022_12,2020-11-01,RecursiveTabular,2021-02-01,-56.20072992364159,1.3237751722335815
T0,SOK_2020_04_2022_12,2020-11-01,DirectTabular,2021-02-01,-56.20072992364159,-0.055928535759449005
T0,SOK_2020_04_2022_12,2020-11-01,ETS,2021-02-01,-56.20072992364159,-23.803960371305863
T0,SOK_2020_04_2022_12,2020-11-01,Theta,2021-02-01,-56.20072992364159,-25.05373764038086
T0,SOK_2020_04_2022_12,2020-11-01,Chronos2,2021-02-01,-56.20072992364159,-4.819021224975586
T0,SOK_2020_04_2022_12,2020-11-01,Toto2,2021-02-01,-56.20072992364159,-9.397294044494629
T0,SOK_2020_04_2022_12,2020-11-01,WeightedEnsemble,2021-02-01,-56.20072992364159,-4.860059368823255
T0,SOK_2020_04_2022_12,2020-11-01,sifir,2021-02-01,-56.20072992364159,0.0
T0,SOK_2020_04_2022_12,2020-11-01,son12_ortalama,2021-02-01,-56.20072992364159,1.3485854844762768
T0,SOK_2020_04_2022_12,2020-12-01,SeasonalNaive,2021-03-01,-26.66389373658552,-18.843990442090515
T0,SOK_2020_04_2022_12,2020-12-01,RecursiveTabular,2021-03-01,-26.66389373658552,-28.426239013671875
T0,SOK_2020_04_2022_12,2020-12-01,DirectTabular,2021-03-01,-26.66389373658552,-0.9709880948066711
T0,SOK_2020_04_2022_12,2020-12-01,ETS,2021-03-01,-26.66389373658552,-38.01184601784522
T0,SOK_2020_04_2022_12,2020-12-01,Theta,2021-03-01,-26.66389373658552,-38.66907501220703
T0,SOK_2020_04_2022_12,2020-12-01,Chronos2,2021-03-01,-26.66389373658552,0.1313403844833374
T0,SOK_2020_04_2022_12,2020-12-01,Toto2,2021-03-01,-26.66389373658552,3.6305627822875977
T0,SOK_2020_04_2022_12,2020-12-01,WeightedEnsemble,2021-03-01,-26.66389373658552,3.6305627822875977
T0,SOK_2020_04_2022_12,2020-12-01,sifir,2021-03-01,-26.66389373658552,0.0
T0,SOK_2020_04_2022_12,2020-12-01,son12_ortalama,2021-03-01,-26.66389373658552,-4.067281914061039
T0,SOK_2020_04_2022_12,2021-01-01,SeasonalNaive,2021-04-01,6.380031107179807,-42.499592363045686
T0,SOK_2020_04_2022_12,2021-01-01,RecursiveTabular,2021-04-01,6.380031107179807,-52.12571334838867
T0,SOK_2020_04_2022_12,2021-01-01,DirectTabular,2021-04-01,6.380031107179807,0.38500675559043884
T0,SOK_2020_04_2022_12,2021-01-01,ETS,2021-04-01,6.380031107179807,-50.271883990616494
T0,SOK_2020_04_2022_12,2021-01-01,Theta,2021-04-01,6.380031107179807,-55.05221939086914
T0,SOK_2020_04_2022_12,2021-01-01,Chronos2,2021-04-01,6.380031107179807,-10.467635154724121
T0,SOK_2020_04_2022_12,2021-01-01,Toto2,2021-04-01,6.380031107179807,-14.986834526062012
T0,SOK_2020_04_2022_12,2021-01-01,WeightedEnsemble,2021-04-01,6.380031107179807,-14.986834526062012
T0,SOK_2020_04_2022_12,2021-01-01,sifir,2021-04-01,6.380031107179807,0.0
T0,SOK_2020_04_2022_12,2021-01-01,son12_ortalama,2021-04-01,6.380031107179807,-9.822266780430796
T0,SOK_2020_04_2022_12,2021-02-01,SeasonalNaive,2021-05-01,18.675919162484007,-57.86258222644093
T0,SOK_2020_04_2022_12,2021-02-01,RecursiveTabular,2021-05-01,18.675919162484007,-61.099281311035156
T0,SOK_2020_04_2022_12,2021-02-01,DirectTabular,2021-05-01,18.675919162484007,3.0469930171966553
T0,SOK_2020_04_2022_12,2021-02-01,ETS,2021-05-01,18.675919162484007,-56.200137039048286
T0,SOK_2020_04_2022_12,2021-02-01,Theta,2021-05-01,18.675919162484007,-61.38988494873047
T0,SOK_2020_04_2022_12,2021-02-01,Chronos2,2021-05-01,18.675919162484007,-24.83719825744629
T0,SOK_2020_04_2022_12,2021-02-01,Toto2,2021-05-01,18.675919162484007,-19.367053985595703
T0,SOK_2020_04_2022_12,2021-02-01,WeightedEnsemble,2021-05-01,18.675919162484007,-56.200137039048286
T0,SOK_2020_04_2022_12,2021-02-01,sifir,2021-05-01,18.675919162484007,0.0
T0,SOK_2020_04_2022_12,2021-02-01,son12_ortalama,2021-05-01,18.675919162484007,-14.716520361718935
T0,SOK_2020_04_2022_12,2021-03-01,SeasonalNaive,2021-06-01,18.676333909135213,-22.793039181319823
T0,SOK_2020_04_2022_12,2021-03-01,RecursiveTabular,2021-06-01,18.676333909135213,-21.57710838317871
T0,SOK_2020_04_2022_12,2021-03-01,DirectTabular,2021-06-01,18.676333909135213,4.264754772186279
T0,SOK_2020_04_2022_12,2021-03-01,ETS,2021-06-01,18.676333909135213,-26.666847360915774
T0,SOK_2020_04_2022_12,2021-03-01,Theta,2021-06-01,18.676333909135213,-32.18099594116211
T0,SOK_2020_04_2022_12,2021-03-01,Chronos2,2021-06-01,18.676333909135213,-7.2577409744262695
T0,SOK_2020_04_2022_12,2021-03-01,Toto2,2021-06-01,18.676333909135213,12.024835586547852
T0,SOK_2020_04_2022_12,2021-03-01,WeightedEnsemble,2021-06-01,18.676333909135213,-20.89657245059426
T0,SOK_2020_04_2022_12,2021-03-01,sifir,2021-06-01,18.676333909135213,0.0
T0,SOK_2020_04_2022_12,2021-03-01,son12_ortalama,2021-06-01,18.676333909135213,-15.36817896959352
T0,SOK_2020_04_2022_12,2021-04-01,SeasonalNaive,2021-07-01,13.4745169990887,33.28497903270504
T0,SOK_2020_04_2022_12,2021-04-01,RecursiveTabular,2021-07-01,13.4745169990887,38.525787353515625
T0,SOK_2020_04_2022_12,2021-04-01,DirectTabular,2021-07-01,13.4745169990887,3.7205731868743896
T0,SOK_2020_04_2022_12,2021-04-01,ETS,2021-07-01,13.4745169990887,6.376726419332996
T0,SOK_2020_04_2022_12,2021-04-01,Theta,2021-07-01,13.4745169990887,1.0665020942687988
T0,SOK_2020_04_2022_12,2021-04-01,Chronos2,2021-07-01,13.4745169990887,-3.119624376296997
T0,SOK_2020_04_2022_12,2021-04-01,Toto2,2021-07-01,13.4745169990887,8.353858947753906
T0,SOK_2020_04_2022_12,2021-04-01,WeightedEnsemble,2021-07-01,13.4745169990887,-3.119624376296997
T0,SOK_2020_04_2022_12,2021-04-01,sifir,2021-07-01,13.4745169990887,0.0
T0,SOK_2020_04_2022_12,2021-04-01,son12_ortalama,2021-07-01,13.4745169990887,-11.294877013741393
T0,SOK_2020_04_2022_12,2021-05-01,SeasonalNaive,2021-08-01,31.56739785908104,62.498973254681154
T0,SOK_2020_04_2022_12,2021-05-01,RecursiveTabular,2021-08-01,31.56739785908104,70.64163208007812
T0,SOK_2020_04_2022_12,2021-05-01,DirectTabular,2021-08-01,31.56739785908104,2.699232816696167
T0,SOK_2020_04_2022_12,2021-05-01,ETS,2021-08-01,31.56739785908104,18.67468924320969
T0,SOK_2020_04_2022_12,2021-05-01,Theta,2021-08-01,31.56739785908104,13.883005142211914
T0,SOK_2020_04_2022_12,2021-05-01,Chronos2,2021-08-01,31.56739785908104,-16.679229736328125
T0,SOK_2020_04_2022_12,2021-05-01,Toto2,2021-08-01,31.56739785908104,2.891286849975586
T0,SOK_2020_04_2022_12,2021-05-01,WeightedEnsemble,2021-08-01,31.56739785908104,2.699232816696167
T0,SOK_2020_04_2022_12,2021-05-01,sifir,2021-08-01,31.56739785908104,0.0
T0,SOK_2020_04_2022_12,2021-05-01,son12_ortalama,2021-08-01,31.56739785908104,-4.916668564664317
T0,SOK_2020_04_2022_12,2021-06-01,SeasonalNaive,2021-09-01,22.772304773526542,34.50845781715758
T0,SOK_2020_04_2022_12,2021-06-01,RecursiveTabular,2021-09-01,22.772304773526542,40.847137451171875
T0,SOK_2020_04_2022_12,2021-06-01,DirectTabular,2021-09-01,22.772304773526542,1.5035855770111084
T0,SOK_2020_04_2022_12,2021-06-01,ETS,2021-09-01,22.772304773526542,18.67633374466862
T0,SOK_2020_04_2022_12,2021-06-01,Theta,2021-09-01,22.772304773526542,14.237914085388184
T0,SOK_2020_04_2022_12,2021-06-01,Chronos2,2021-09-01,22.772304773526542,-15.793231010437012
T0,SOK_2020_04_2022_12,2021-06-01,Toto2,2021-09-01,22.772304773526542,5.015986919403076
T0,SOK_2020_04_2022_12,2021-06-01,WeightedEnsemble,2021-09-01,22.772304773526542,5.015986919403076
T0,SOK_2020_04_2022_12,2021-06-01,sifir,2021-09-01,22.772304773526542,0.0
T0,SOK_2020_04_2022_12,2021-06-01,son12_ortalama,2021-09-01,22.772304773526542,-1.4608874737930646
T0,SOK_2020_04_2022_12,2021-07-01,SeasonalNaive,2021-10-01,27.944221914701988,-3.0025495759971608
T0,SOK_2020_04_2022_12,2021-07-01,RecursiveTabular,2021-10-01,27.944221914701988,-3.6680655479431152
T0,SOK_2020_04_2022_12,2021-07-01,DirectTabular,2021-10-01,27.944221914701988,-0.07771601527929306
T0,SOK_2020_04_2022_12,2021-07-01,ETS,2021-10-01,27.944221914701988,13.475037180763259
T0,SOK_2020_04_2022_12,2021-07-01,Theta,2021-10-01,27.944221914701988,9.23137092590332
T0,SOK_2020_04_2022_12,2021-07-01,Chronos2,2021-10-01,27.944221914701988,-7.765979766845703
T0,SOK_2020_04_2022_12,2021-07-01,Toto2,2021-10-01,27.944221914701988,0.0734131932258606
T0,SOK_2020_04_2022_12,2021-07-01,WeightedEnsemble,2021-10-01,27.944221914701988,0.8807399394630533
T0,SOK_2020_04_2022_12,2021-07-01,sifir,2021-10-01,27.944221914701988,0.0
T0,SOK_2020_04_2022_12,2021-07-01,son12_ortalama,2021-10-01,27.944221914701988,-3.1117593099277574
T0,SOK_2020_04_2022_12,2021-08-01,SeasonalNaive,2021-11-01,24.967485286315604,-21.104097827845703
T0,SOK_2020_04_2022_12,2021-08-01,RecursiveTabular,2021-11-01,24.967485286315604,-28.68362045288086
T0,SOK_2020_04_2022_12,2021-08-01,DirectTabular,2021-11-01,24.967485286315604,-1.786246657371521
T0,SOK_2020_04_2022_12,2021-08-01,ETS,2021-11-01,24.967485286315604,31.565588623013205
T0,SOK_2020_04_2022_12,2021-08-01,Theta,2021-11-01,24.967485286315604,27.393207550048828
T0,SOK_2020_04_2022_12,2021-08-01,Chronos2,2021-11-01,24.967485286315604,20.917980194091797
T0,SOK_2020_04_2022_12,2021-08-01,Toto2,2021-11-01,24.967485286315604,19.59528350830078
T0,SOK_2020_04_2022_12,2021-08-01,WeightedEnsemble,2021-11-01,24.967485286315604,31.565588623013205
T0,SOK_2020_04_2022_12,2021-08-01,sifir,2021-11-01,24.967485286315604,0.0
T0,SOK_2020_04_2022_12,2021-08-01,son12_ortalama,2021-11-01,24.967485286315604,-5.689390592894436
T0,SOK_2020_04_2022_12,2021-09-01,SeasonalNaive,2021-12-01,24.406716659833776,-34.310592493298216
T0,SOK_2020_04_2022_12,2021-09-01,RecursiveTabular,2021-12-01,24.406716659833776,-43.81425094604492
T0,SOK_2020_04_2022_12,2021-09-01,DirectTabular,2021-12-01,24.406716659833776,-2.5338661670684814
T0,SOK_2020_04_2022_12,2021-09-01,ETS,2021-12-01,24.406716659833776,22.773184101911493
T0,SOK_2020_04_2022_12,2021-09-01,Theta,2021-12-01,24.406716659833776,18.98672103881836
T0,SOK_2020_04_2022_12,2021-09-01,Chronos2,2021-12-01,24.406716659833776,12.266633033752441
T0,SOK_2020_04_2022_12,2021-09-01,Toto2,2021-12-01,24.406716659833776,-8.583715438842773
T0,SOK_2020_04_2022_12,2021-09-01,WeightedEnsemble,2021-12-01,24.406716659833776,-0.9274283727848598
T0,SOK_2020_04_2022_12,2021-09-01,sifir,2021-12-01,24.406716659833776,0.0
T0,SOK_2020_04_2022_12,2021-09-01,son12_ortalama,2021-12-01,24.406716659833776,-6.667403346530354
T0,SOK_2020_04_2022_12,2021-10-01,SeasonalNaive,2022-01-01,-2.7222109811672275,-50.27348041149137
T0,SOK_2020_04_2022_12,2021-10-01,RecursiveTabular,2022-01-01,-2.7222109811672275,-55.59461212158203
T0,SOK_2020_04_2022_12,2021-10-01,DirectTabular,2022-01-01,-2.7222109811672275,-2.318495988845825
T0,SOK_2020_04_2022_12,2021-10-01,ETS,2022-01-01,-2.7222109811672275,27.943704810920707
T0,SOK_2020_04_2022_12,2021-10-01,Theta,2022-01-01,-2.7222109811672275,24.226627349853516
T0,SOK_2020_04_2022_12,2021-10-01,Chronos2,2022-01-01,-2.7222109811672275,17.791933059692383
T0,SOK_2020_04_2022_12,2021-10-01,Toto2,2022-01-01,-2.7222109811672275,6.9670515060424805
T0,SOK_2020_04_2022_12,2021-10-01,WeightedEnsemble,2022-01-01,-2.7222109811672275,-0.9221611640170835
T0,SOK_2020_04_2022_12,2021-10-01,sifir,2022-01-01,-2.7222109811672275,0.0
T0,SOK_2020_04_2022_12,2021-10-01,son12_ortalama,2022-01-01,-2.7222109811672275,-4.088505722305425
T0,SOK_2020_04_2022_12,2021-11-01,SeasonalNaive,2022-02-01,-46.08443020014799,-56.20072992364159
T0,SOK_2020_04_2022_12,2021-11-01,RecursiveTabular,2022-02-01,-46.08443020014799,-55.5859260559082
T0,SOK_2020_04_2022_12,2021-11-01,DirectTabular,2022-02-01,-46.08443020014799,-1.7047995328903198
T0,SOK_2020_04_2022_12,2021-11-01,ETS,2022-02-01,-46.08443020014799,24.967782908268067
T0,SOK_2020_04_2022_12,2021-11-01,Theta,2022-02-01,-46.08443020014799,21.464643478393555
T0,SOK_2020_04_2022_12,2021-11-01,Chronos2,2022-02-01,-46.08443020014799,6.872338771820068
T0,SOK_2020_04_2022_12,2021-11-01,Toto2,2022-02-01,-46.08443020014799,10.159191131591797
T0,SOK_2020_04_2022_12,2021-11-01,WeightedEnsemble,2022-02-01,-46.08443020014799,16.8270173012527
T0,SOK_2020_04_2022_12,2021-11-01,sifir,2022-02-01,-46.08443020014799,0.0
T0,SOK_2020_04_2022_12,2021-11-01,son12_ortalama,2022-02-01,-46.08443020014799,-0.249207129458649
T0,SOK_2020_04_2022_12,2021-12-01,SeasonalNaive,2022-03-01,-55.67118866070032,-26.66389373658552
T0,SOK_2020_04_2022_12,2021-12-01,RecursiveTabular,2022-03-01,-55.67118866070032,-22.064624786376953
T0,SOK_2020_04_2022_12,2021-12-01,DirectTabular,2022-03-01,-55.67118866070032,-1.1465709209442139
T0,SOK_2020_04_2022_12,2021-12-01,ETS,2022-03-01,-55.67118866070032,24.40677276645862
T0,SOK_2020_04_2022_12,2021-12-01,Theta,2022-03-01,-55.67118866070032,21.009693145751953
T0,SOK_2020_04_2022_12,2021-12-01,Chronos2,2022-03-01,-55.67118866070032,7.45390510559082
T0,SOK_2020_04_2022_12,2021-12-01,Toto2,2022-03-01,-55.67118866070032,13.656526565551758
T0,SOK_2020_04_2022_12,2021-12-01,WeightedEnsemble,2022-03-01,-55.67118866070032,24.40677276645862
T0,SOK_2020_04_2022_12,2021-12-01,sifir,2022-03-01,-55.67118866070032,0.0
T0,SOK_2020_04_2022_12,2021-12-01,son12_ortalama,2022-03-01,-55.67118866070032,4.643901966635681
T0,SOK_2020_04_2022_12,2022-01-01,SeasonalNaive,2022-04-01,-15.512275188419933,6.380031107179807
T0,SOK_2020_04_2022_12,2022-01-01,RecursiveTabular,2022-04-01,-15.512275188419933,10.469888687133789
T0,SOK_2020_04_2022_12,2022-01-01,DirectTabular,2022-04-01,-15.512275188419933,-0.733671247959137
T0,SOK_2020_04_2022_12,2022-01-01,ETS,2022-04-01,-15.512275188419933,-2.719498082792459
T0,SOK_2020_04_2022_12,2022-01-01,Theta,2022-04-01,-15.512275188419933,-6.05765438079834
T0,SOK_2020_04_2022_12,2022-01-01,Chronos2,2022-04-01,-15.512275188419933,-14.729545593261719
T0,SOK_2020_04_2022_12,2022-01-01,Toto2,2022-04-01,-15.512275188419933,-31.809415817260742
T0,SOK_2020_04_2022_12,2022-01-01,WeightedEnsemble,2022-04-01,-15.512275188419933,-30.16316319373717
T0,SOK_2020_04_2022_12,2022-01-01,sifir,2022-04-01,-15.512275188419933,0.0
T0,SOK_2020_04_2022_12,2022-01-01,son12_ortalama,2022-04-01,-15.512275188419933,8.606507752496029
T0,SOK_2020_04_2022_12,2022-02-01,SeasonalNaive,2022-05-01,32.47792386830969,18.675919162484007
T0,SOK_2020_04_2022_12,2022-02-01,RecursiveTabular,2022-05-01,32.47792386830969,20.264602661132812
T0,SOK_2020_04_2022_12,2022-02-01,DirectTabular,2022-05-01,32.47792386830969,0.0879737138748169
T0,SOK_2020_04_2022_12,2022-02-01,ETS,2022-05-01,32.47792386830969,-46.08009370693625
T0,SOK_2020_04_2022_12,2022-02-01,Theta,2022-05-01,32.47792386830969,-49.815223693847656
T0,SOK_2020_04_2022_12,2022-02-01,Chronos2,2022-05-01,32.47792386830969,-27.115718841552734
T0,SOK_2020_04_2022_12,2022-02-01,Toto2,2022-05-01,32.47792386830969,-34.205604553222656
T0,SOK_2020_04_2022_12,2022-02-01,WeightedEnsemble,2022-05-01,32.47792386830969,-18.75427334220518
T0,SOK_2020_04_2022_12,2022-02-01,sifir,2022-05-01,32.47792386830969,0.0
T0,SOK_2020_04_2022_12,2022-02-01,son12_ortalama,2022-05-01,32.47792386830969,9.449532729453827
T0,SOK_2020_04_2022_12,2022-03-01,SeasonalNaive,2022-06-01,52.30539754816378,18.676333909135213
T0,SOK_2020_04_2022_12,2022-03-01,RecursiveTabular,2022-06-01,52.30539754816378,17.15736198425293
T0,SOK_2020_04_2022_12,2022-03-01,DirectTabular,2022-06-01,52.30539754816378,8.305160522460938
T0,SOK_2020_04_2022_12,2022-03-01,ETS,2022-06-01,52.30539754816378,-55.67022955120494
T0,SOK_2020_04_2022_12,2022-03-01,Theta,2022-06-01,52.30539754816378,-59.948448181152344
T0,SOK_2020_04_2022_12,2022-03-01,Chronos2,2022-06-01,52.30539754816378,-16.815488815307617
T0,SOK_2020_04_2022_12,2022-03-01,Toto2,2022-06-01,52.30539754816378,-3.2798216342926025
T0,SOK_2020_04_2022_12,2022-03-01,WeightedEnsemble,2022-06-01,52.30539754816378,11.799277829721877
T0,SOK_2020_04_2022_12,2022-03-01,sifir,2022-06-01,52.30539754816378,0.0
T0,SOK_2020_04_2022_12,2022-03-01,son12_ortalama,2022-06-01,52.30539754816378,7.03225815244426
T0,SOK_2020_04_2022_12,2022-04-01,SeasonalNaive,2022-07-01,20.249653394811894,13.4745169990887
T0,SOK_2020_04_2022_12,2022-04-01,RecursiveTabular,2022-07-01,20.249653394811894,11.034483909606934
T0,SOK_2020_04_2022_12,2022-04-01,DirectTabular,2022-07-01,20.249653394811894,4.942804336547852
T0,SOK_2020_04_2022_12,2022-04-01,ETS,2022-07-01,20.249653394811894,-15.516290983856223
T0,SOK_2020_04_2022_12,2022-04-01,Theta,2022-07-01,20.249653394811894,-20.326753616333008
T0,SOK_2020_04_2022_12,2022-04-01,Chronos2,2022-07-01,20.249653394811894,21.3953857421875
T0,SOK_2020_04_2022_12,2022-04-01,Toto2,2022-07-01,20.249653394811894,28.19196891784668
T0,SOK_2020_04_2022_12,2022-04-01,WeightedEnsemble,2022-07-01,20.249653394811894,20.650217265873163
T0,SOK_2020_04_2022_12,2022-04-01,sifir,2022-07-01,20.249653394811894,0.0
T0,SOK_2020_04_2022_12,2022-04-01,son12_ortalama,2022-07-01,20.249653394811894,5.207899294477617
T0,SOK_2020_04_2022_12,2022-05-01,SeasonalNaive,2022-08-01,-9.64886759745382,31.56739785908104
T0,SOK_2020_04_2022_12,2022-05-01,RecursiveTabular,2022-08-01,-9.64886759745382,30.77740478515625
T0,SOK_2020_04_2022_12,2022-05-01,DirectTabular,2022-08-01,-9.64886759745382,2.5375211238861084
T0,SOK_2020_04_2022_12,2022-05-01,ETS,2022-08-01,-9.64886759745382,32.473124446824464
T0,SOK_2020_04_2022_12,2022-05-01,Theta,2022-08-01,-9.64886759745382,27.679851531982422
T0,SOK_2020_04_2022_12,2022-05-01,Chronos2,2022-08-01,-9.64886759745382,26.193981170654297
T0,SOK_2020_04_2022_12,2022-05-01,Toto2,2022-08-01,-9.64886759745382,26.072057723999023
T0,SOK_2020_04_2022_12,2022-05-01,WeightedEnsemble,2022-08-01,-9.64886759745382,29.276682587022247
T0,SOK_2020_04_2022_12,2022-05-01,sifir,2022-08-01,-9.64886759745382,0.0
T0,SOK_2020_04_2022_12,2022-05-01,son12_ortalama,2022-08-01,-9.64886759745382,6.358066353296422
T0,SOK_2020_04_2022_12,2022-06-01,SeasonalNaive,2022-09-01,-36.240939917040905,22.772304773526542
T0,SOK_2020_04_2022_12,2022-06-01,RecursiveTabular,2022-09-01,-36.240939917040905,25.586811065673828
T0,SOK_2020_04_2022_12,2022-06-01,DirectTabular,2022-09-01,-36.240939917040905,29.951988220214844
T0,SOK_2020_04_2022_12,2022-06-01,ETS,2022-09-01,-36.240939917040905,52.30341432085365
T0,SOK_2020_04_2022_12,2022-06-01,Theta,2022-09-01,-36.240939917040905,48.04644775390625
T0,SOK_2020_04_2022_12,2022-06-01,Chronos2,2022-09-01,-36.240939917040905,20.56592559814453
T0,SOK_2020_04_2022_12,2022-06-01,Toto2,2022-09-01,-36.240939917040905,20.3104190826416
T0,SOK_2020_04_2022_12,2022-06-01,WeightedEnsemble,2022-09-01,-36.240939917040905,25.586811065673828
T0,SOK_2020_04_2022_12,2022-06-01,sifir,2022-09-01,-36.240939917040905,0.0
T0,SOK_2020_04_2022_12,2022-06-01,son12_ortalama,2022-09-01,-36.240939917040905,9.16048832321547
T0,SOK_2020_04_2022_12,2022-07-01,SeasonalNaive,2022-10-01,-21.96055258675911,27.944221914701988
T0,SOK_2020_04_2022_12,2022-07-01,RecursiveTabular,2022-10-01,-21.96055258675911,32.90303039550781
T0,SOK_2020_04_2022_12,2022-07-01,DirectTabular,2022-10-01,-21.96055258675911,4.485718250274658
T0,SOK_2020_04_2022_12,2022-07-01,ETS,2022-10-01,-21.96055258675911,20.252858770904503
T0,SOK_2020_04_2022_12,2022-07-01,Theta,2022-10-01,-21.96055258675911,16.404022216796875
T0,SOK_2020_04_2022_12,2022-07-01,Chronos2,2022-10-01,-21.96055258675911,-7.432517051696777
T0,SOK_2020_04_2022_12,2022-07-01,Toto2,2022-10-01,-21.96055258675911,-34.72684097290039
T0,SOK_2020_04_2022_12,2022-07-01,WeightedEnsemble,2022-10-01,-21.96055258675911,14.280312192612799
T0,SOK_2020_04_2022_12,2022-07-01,sifir,2022-10-01,-21.96055258675911,0.0
T0,SOK_2020_04_2022_12,2022-07-01,son12_ortalama,2022-10-01,-21.96055258675911,9.725083022859073
T0,SOK_2020_04_2022_12,2022-08-01,SeasonalNaive,2022-11-01,-3.783463639868754,24.967485286315604
T0,SOK_2020_04_2022_12,2022-08-01,RecursiveTabular,2022-11-01,-3.783463639868754,28.677030563354492
T0,SOK_2020_04_2022_12,2022-08-01,DirectTabular,2022-11-01,-3.783463639868754,6.983859539031982
T0,SOK_2020_04_2022_12,2022-08-01,ETS,2022-11-01,-3.783463639868754,-9.64587742481698
T0,SOK_2020_04_2022_12,2022-08-01,Theta,2022-11-01,-3.783463639868754,-13.690389633178711
T0,SOK_2020_04_2022_12,2022-08-01,Chronos2,2022-11-01,-3.783463639868754,-12.838947296142578
T0,SOK_2020_04_2022_12,2022-08-01,Toto2,2022-11-01,-3.783463639868754,-25.866409301757812
T0,SOK_2020_04_2022_12,2022-08-01,WeightedEnsemble,2022-11-01,-3.783463639868754,-25.866409301757812
T0,SOK_2020_04_2022_12,2022-08-01,sifir,2022-11-01,-3.783463639868754,0.0
T0,SOK_2020_04_2022_12,2022-08-01,son12_ortalama,2022-11-01,-3.783463639868754,6.2903942348144986
T0,SOK_2020_04_2022_12,2022-09-01,SeasonalNaive,2022-12-01,28.77075430136385,24.406716659833776
T0,SOK_2020_04_2022_12,2022-09-01,RecursiveTabular,2022-12-01,28.77075430136385,24.79432487487793
T0,SOK_2020_04_2022_12,2022-09-01,DirectTabular,2022-12-01,28.77075430136385,0.6636788249015808
T0,SOK_2020_04_2022_12,2022-09-01,ETS,2022-12-01,28.77075430136385,-36.238280410791674
T0,SOK_2020_04_2022_12,2022-09-01,Theta,2022-12-01,28.77075430136385,-40.53221893310547
T0,SOK_2020_04_2022_12,2022-09-01,Chronos2,2022-12-01,28.77075430136385,-6.254052639007568
T0,SOK_2020_04_2022_12,2022-09-01,Toto2,2022-12-01,28.77075430136385,0.9657347202301025
T0,SOK_2020_04_2022_12,2022-09-01,WeightedEnsemble,2022-12-01,28.77075430136385,0.6636788249015808
T0,SOK_2020_04_2022_12,2022-09-01,sifir,2022-12-01,28.77075430136385,0.0
T0,SOK_2020_04_2022_12,2022-09-01,son12_ortalama,2022-12-01,28.77075430136385,1.372623843933879
T0,SOK_2020_04_2022_12,2022-10-01,SeasonalNaive,2023-01-01,31.41910825559692,-2.7222109811672275
T0,SOK_2020_04_2022_12,2022-10-01,RecursiveTabular,2023-01-01,31.41910825559692,-4.399838924407959
T0,SOK_2020_04_2022_12,2022-10-01,DirectTabular,2023-01-01,31.41910825559692,0.3513937294483185
T0,SOK_2020_04_2022_12,2022-10-01,ETS,2023-01-01,31.41910825559692,-21.961980359541517
T0,SOK_2020_04_2022_12,2022-10-01,Theta,2023-01-01,31.41910825559692,-26.654874801635742
T0,SOK_2020_04_2022_12,2022-10-01,Chronos2,2023-01-01,31.41910825559692,6.791203498840332
T0,SOK_2020_04_2022_12,2022-10-01,Toto2,2023-01-01,31.41910825559692,18.843780517578125
T0,SOK_2020_04_2022_12,2022-10-01,WeightedEnsemble,2023-01-01,31.41910825559692,15.828717454296092
T0,SOK_2020_04_2022_12,2022-10-01,sifir,2023-01-01,31.41910825559692,0.0
T0,SOK_2020_04_2022_12,2022-10-01,son12_ortalama,2023-01-01,31.41910825559692,-2.786107364521213
T0,SOK_2020_04_2022_12,2022-11-01,SeasonalNaive,2023-02-01,20.151028644223192,-46.08443020014799
T0,SOK_2020_04_2022_12,2022-11-01,RecursiveTabular,2023-02-01,20.151028644223192,-46.93527603149414
T0,SOK_2020_04_2022_12,2022-11-01,DirectTabular,2023-02-01,20.151028644223192,4.405698299407959
T0,SOK_2020_04_2022_12,2022-11-01,ETS,2023-02-01,20.151028644223192,-3.7852814915407222
T0,SOK_2020_04_2022_12,2022-11-01,Theta,2023-02-01,20.151028644223192,-8.460176467895508
T0,SOK_2020_04_2022_12,2022-11-01,Chronos2,2023-02-01,20.151028644223192,6.094207763671875
T0,SOK_2020_04_2022_12,2022-11-01,Toto2,2023-02-01,20.151028644223192,8.49980640411377
T0,SOK_2020_04_2022_12,2022-11-01,WeightedEnsemble,2023-02-01,20.151028644223192,6.094207763671875
T0,SOK_2020_04_2022_12,2022-11-01,sifir,2023-02-01,20.151028644223192,0.0
T0,SOK_2020_04_2022_12,2022-11-01,son12_ortalama,2023-02-01,20.151028644223192,-5.182019775036577
T0,SOK_2020_04_2022_12,2022-12-01,SeasonalNaive,2023-03-01,1.7719475821560873,-55.67118866070032
T0,SOK_2020_04_2022_12,2022-12-01,RecursiveTabular,2023-03-01,1.7719475821560873,-54.057289123535156
T0,SOK_2020_04_2022_12,2022-12-01,DirectTabular,2023-03-01,1.7719475821560873,0.5892181396484375
T0,SOK_2020_04_2022_12,2022-12-01,ETS,2023-03-01,1.7719475821560873,28.767498697784553
T0,SOK_2020_04_2022_12,2022-12-01,Theta,2023-03-01,1.7719475821560873,24.072490692138672
T0,SOK_2020_04_2022_12,2022-12-01,Chronos2,2023-03-01,1.7719475821560873,5.062679290771484
T0,SOK_2020_04_2022_12,2022-12-01,Toto2,2023-03-01,1.7719475821560873,7.122689723968506
T0,SOK_2020_04_2022_12,2022-12-01,WeightedEnsemble,2023-03-01,1.7719475821560873,-15.419584791692339
T0,SOK_2020_04_2022_12,2022-12-01,sifir,2023-03-01,1.7719475821560873,0.0
T0,SOK_2020_04_2022_12,2022-12-01,son12_ortalama,2023-03-01,1.7719475821560873,-4.818349971575738
T0,NORMAL_2023_01_2025_03,2023-01-01,SeasonalNaive,2023-04-01,-2.3825953558908384,-15.512275188419933
T0,NORMAL_2023_01_2025_03,2023-01-01,RecursiveTabular,2023-04-01,-2.3825953558908384,-11.827131271362305
T0,NORMAL_2023_01_2025_03,2023-01-01,DirectTabular,2023-04-01,-2.3825953558908384,0.9512168765068054
T0,NORMAL_2023_01_2025_03,2023-01-01,ETS,2023-04-01,-2.3825953558908384,31.41884309464114
T0,NORMAL_2023_01_2025_03,2023-01-01,Theta,2023-04-01,-2.3825953558908384,27.149005889892578
T0,NORMAL_2023_01_2025_03,2023-01-01,Chronos2,2023-04-01,-2.3825953558908384,-9.561211585998535
T0,NORMAL_2023_01_2025_03,2023-01-01,Toto2,2023-04-01,-2.3825953558908384,-0.9682018756866455
T0,NORMAL_2023_01_2025_03,2023-01-01,WeightedEnsemble,2023-04-01,-2.3825953558908384,-0.9682018756866455
T0,NORMAL_2023_01_2025_03,2023-01-01,sifir,2023-04-01,-2.3825953558908384,0.0
T0,NORMAL_2023_01_2025_03,2023-01-01,son12_ortalama,2023-04-01,-2.3825953558908384,-1.9732400351787254
T0,NORMAL_2023_01_2025_03,2023-02-01,SeasonalNaive,2023-05-01,14.133222543787843,32.47792386830969
T0,NORMAL_2023_01_2025_03,2023-02-01,RecursiveTabular,2023-05-01,14.133222543787843,37.261531829833984
T0,NORMAL_2023_01_2025_03,2023-02-01,DirectTabular,2023-05-01,14.133222543787843,-18.099075317382812
T0,NORMAL_2023_01_2025_03,2023-02-01,ETS,2023-05-01,14.133222543787843,20.152155425668237
T0,NORMAL_2023_01_2025_03,2023-02-01,Theta,2023-05-01,14.133222543787843,16.06818389892578
T0,NORMAL_2023_01_2025_03,2023-02-01,Chronos2,2023-05-01,14.133222543787843,-10.905364036560059
T0,NORMAL_2023_01_2025_03,2023-02-01,Toto2,2023-05-01,14.133222543787843,-4.097203254699707
T0,NORMAL_2023_01_2025_03,2023-02-01,WeightedEnsemble,2023-05-01,14.133222543787843,-4.097203254699707
T0,NORMAL_2023_01_2025_03,2023-02-01,sifir,2023-05-01,14.133222543787843,0.0
T0,NORMAL_2023_01_2025_03,2023-02-01,son12_ortalama,2023-05-01,14.133222543787843,3.546381535185541
T0,NORMAL_2023_01_2025_03,2023-03-01,SeasonalNaive,2023-06-01,8.28717360196214,52.30539754816378
T0,NORMAL_2023_01_2025_03,2023-03-01,RecursiveTabular,2023-06-01,8.28717360196214,26.494518280029297
T0,NORMAL_2023_01_2025_03,2023-03-01,DirectTabular,2023-06-01,8.28717360196214,-19.15855598449707
T0,NORMAL_2023_01_2025_03,2023-03-01,ETS,2023-06-01,8.28717360196214,1.7737856029404426
T0,NORMAL_2023_01_2025_03,2023-03-01,Theta,2023-06-01,8.28717360196214,-2.2775495052337646
T0,NORMAL_2023_01_2025_03,2023-03-01,Chronos2,2023-06-01,8.28717360196214,0.9324885606765747
T0,NORMAL_2023_01_2025_03,2023-03-01,Toto2,2023-06-01,8.28717360196214,5.455735683441162
T0,NORMAL_2023_01_2025_03,2023-03-01,WeightedEnsemble,2023-06-01,8.28717360196214,2.0801461144235076
T0,NORMAL_2023_01_2025_03,2023-03-01,sifir,2023-06-01,8.28717360196214,0.0
T0,NORMAL_2023_01_2025_03,2023-03-01,son12_ortalama,2023-06-01,8.28717360196214,8.333309555423574
T0,NORMAL_2023_01_2025_03,2023-04-01,SeasonalNaive,2023-07-01,-2.7520384522287724,20.249653394811894
T0,NORMAL_2023_01_2025_03,2023-04-01,RecursiveTabular,2023-07-01,-2.7520384522287724,21.60780143737793
T0,NORMAL_2023_01_2025_03,2023-04-01,DirectTabular,2023-07-01,-2.7520384522287724,4.88226318359375
T0,NORMAL_2023_01_2025_03,2023-04-01,ETS,2023-07-01,-2.7520384522287724,-2.382179717794955
T0,NORMAL_2023_01_2025_03,2023-04-01,Theta,2023-07-01,-2.7520384522287724,-6.5594987869262695
T0,NORMAL_2023_01_2025_03,2023-04-01,Chronos2,2023-07-01,-2.7520384522287724,10.37802791595459
T0,NORMAL_2023_01_2025_03,2023-04-01,Toto2,2023-07-01,-2.7520384522287724,2.666370153427124
T0,NORMAL_2023_01_2025_03,2023-04-01,WeightedEnsemble,2023-07-01,-2.7520384522287724,4.056291733342345
T0,NORMAL_2023_01_2025_03,2023-04-01,sifir,2023-07-01,-2.7520384522287724,0.0
T0,NORMAL_2023_01_2025_03,2023-04-01,son12_ortalama,2023-07-01,-2.7520384522287724,9.427449541467665
T0,NORMAL_2023_01_2025_03,2023-05-01,SeasonalNaive,2023-08-01,-25.38770344207784,-9.64886759745382
T0,NORMAL_2023_01_2025_03,2023-05-01,RecursiveTabular,2023-08-01,-25.38770344207784,-3.467519760131836
T0,NORMAL_2023_01_2025_03,2023-05-01,DirectTabular,2023-08-01,-25.38770344207784,13.798675537109375
T0,NORMAL_2023_01_2025_03,2023-05-01,ETS,2023-08-01,-25.38770344207784,14.131571003561682
T0,NORMAL_2023_01_2025_03,2023-05-01,Theta,2023-08-01,-25.38770344207784,9.828056335449219
T0,NORMAL_2023_01_2025_03,2023-05-01,Chronos2,2023-08-01,-25.38770344207784,18.318267822265625
T0,NORMAL_2023_01_2025_03,2023-05-01,Toto2,2023-08-01,-25.38770344207784,16.88083839416504
T0,NORMAL_2023_01_2025_03,2023-05-01,WeightedEnsemble,2023-08-01,-25.38770344207784,12.97341636402706
T0,NORMAL_2023_01_2025_03,2023-05-01,sifir,2023-08-01,-25.38770344207784,0.0
T0,NORMAL_2023_01_2025_03,2023-05-01,son12_ortalama,2023-08-01,-25.38770344207784,7.898724431090844
T0,NORMAL_2023_01_2025_03,2023-06-01,SeasonalNaive,2023-09-01,-24.761168053465592,-36.240939917040905
T0,NORMAL_2023_01_2025_03,2023-06-01,RecursiveTabular,2023-09-01,-24.761168053465592,16.709667205810547
T0,NORMAL_2023_01_2025_03,2023-06-01,DirectTabular,2023-09-01,-24.761168053465592,49.75434875488281
T0,NORMAL_2023_01_2025_03,2023-06-01,ETS,2023-09-01,-24.761168053465592,8.2877580417023
T0,NORMAL_2023_01_2025_03,2023-06-01,Theta,2023-09-01,-24.761168053465592,4.23517370223999
T0,NORMAL_2023_01_2025_03,2023-06-01,Chronos2,2023-09-01,-24.761168053465592,6.678037643432617
T0,NORMAL_2023_01_2025_03,2023-06-01,Toto2,2023-09-01,-24.761168053465592,-4.607693672180176
T0,NORMAL_2023_01_2025_03,2023-06-01,WeightedEnsemble,2023-09-01,-24.761168053465592,-4.770344811249146
T0,NORMAL_2023_01_2025_03,2023-06-01,sifir,2023-09-01,-24.761168053465592,0.0
T0,NORMAL_2023_01_2025_03,2023-06-01,son12_ortalama,2023-09-01,-24.761168053465592,4.230539102240708
T0,NORMAL_2023_01_2025_03,2023-07-01,SeasonalNaive,2023-10-01,-24.937052677846825,-21.96055258675911
T0,NORMAL_2023_01_2025_03,2023-07-01,RecursiveTabular,2023-10-01,-24.937052677846825,31.87557601928711
T0,NORMAL_2023_01_2025_03,2023-07-01,DirectTabular,2023-10-01,-24.937052677846825,4.300573348999023
T0,NORMAL_2023_01_2025_03,2023-07-01,ETS,2023-10-01,-24.937052677846825,-2.7509344725793774
T0,NORMAL_2023_01_2025_03,2023-07-01,Theta,2023-10-01,-24.937052677846825,-6.762137413024902
T0,NORMAL_2023_01_2025_03,2023-07-01,Chronos2,2023-10-01,-24.937052677846825,0.25147759914398193
T0,NORMAL_2023_01_2025_03,2023-07-01,Toto2,2023-10-01,-24.937052677846825,-6.923853397369385
T0,NORMAL_2023_01_2025_03,2023-07-01,WeightedEnsemble,2023-10-01,-24.937052677846825,9.83781336654254
T0,NORMAL_2023_01_2025_03,2023-07-01,sifir,2023-10-01,-24.937052677846825,0.0
T0,NORMAL_2023_01_2025_03,2023-07-01,son12_ortalama,2023-10-01,-24.937052677846825,2.313731448320652
T0,NORMAL_2023_01_2025_03,2023-08-01,SeasonalNaive,2023-11-01,-21.294534475816985,-3.783463639868754
T0,NORMAL_2023_01_2025_03,2023-08-01,RecursiveTabular,2023-11-01,-21.294534475816985,13.096999168395996
T0,NORMAL_2023_01_2025_03,2023-08-01,DirectTabular,2023-11-01,-21.294534475816985,2.15818452835083
T0,NORMAL_2023_01_2025_03,2023-08-01,ETS,2023-11-01,-21.294534475816985,-25.385439765180884
T0,NORMAL_2023_01_2025_03,2023-08-01,Theta,2023-11-01,-21.294534475816985,-29.393430709838867
T0,NORMAL_2023_01_2025_03,2023-08-01,Chronos2,2023-11-01,-21.294534475816985,-3.698052406311035
T0,NORMAL_2023_01_2025_03,2023-08-01,Toto2,2023-11-01,-21.294534475816985,-5.532744407653809
T0,NORMAL_2023_01_2025_03,2023-08-01,WeightedEnsemble,2023-11-01,-21.294534475816985,1.2939447947916176
T0,NORMAL_2023_01_2025_03,2023-08-01,sifir,2023-11-01,-21.294534475816985,0.0
T0,NORMAL_2023_01_2025_03,2023-08-01,son12_ortalama,2023-11-01,-21.294534475816985,1.0021617946019843
T0,NORMAL_2023_01_2025_03,2023-09-01,SeasonalNaive,2023-12-01,-9.208524556168657,28.77075430136385
T0,NORMAL_2023_01_2025_03,2023-09-01,RecursiveTabular,2023-12-01,-9.208524556168657,32.28620910644531
T0,NORMAL_2023_01_2025_03,2023-09-01,DirectTabular,2023-12-01,-9.208524556168657,2.1743600368499756
T0,NORMAL_2023_01_2025_03,2023-09-01,ETS,2023-12-01,-9.208524556168657,-24.761230480636765
T0,NORMAL_2023_01_2025_03,2023-09-01,Theta,2023-12-01,-9.208524556168657,-29.015316009521484
T0,NORMAL_2023_01_2025_03,2023-09-01,Chronos2,2023-12-01,-9.208524556168657,-0.28862619400024414
T0,NORMAL_2023_01_2025_03,2023-09-01,Toto2,2023-12-01,-9.208524556168657,10.550454139709473
T0,NORMAL_2023_01_2025_03,2023-09-01,WeightedEnsemble,2023-12-01,-9.208524556168657,30.268077644268917
T0,NORMAL_2023_01_2025_03,2023-09-01,sifir,2023-12-01,-9.208524556168657,0.0
T0,NORMAL_2023_01_2025_03,2023-09-01,son12_ortalama,2023-12-01,-9.208524556168657,1.9588094498999278
T0,NORMAL_2023_01_2025_03,2023-10-01,SeasonalNaive,2024-01-01,3.944788622088225,31.41910825559692
T0,NORMAL_2023_01_2025_03,2023-10-01,RecursiveTabular,2024-01-01,3.944788622088225,28.384937286376953
T0,NORMAL_2023_01_2025_03,2023-10-01,DirectTabular,2024-01-01,3.944788622088225,2.1451058387756348
T0,NORMAL_2023_01_2025_03,2023-10-01,ETS,2024-01-01,3.944788622088225,-24.937035095627103
T0,NORMAL_2023_01_2025_03,2023-10-01,Theta,2024-01-01,3.944788622088225,-29.199981689453125
T0,NORMAL_2023_01_2025_03,2023-10-01,Chronos2,2024-01-01,3.944788622088225,-2.7527832984924316
T0,NORMAL_2023_01_2025_03,2023-10-01,Toto2,2024-01-01,3.944788622088225,2.0642690658569336
T0,NORMAL_2023_01_2025_03,2023-10-01,WeightedEnsemble,2024-01-01,3.944788622088225,18.37251306015693
T0,NORMAL_2023_01_2025_03,2023-10-01,sifir,2024-01-01,3.944788622088225,0.0
T0,NORMAL_2023_01_2025_03,2023-10-01,son12_ortalama,2024-01-01,3.944788622088225,1.7107677756426176
T0,NORMAL_2023_01_2025_03,2023-11-01,SeasonalNaive,2024-02-01,18.502167166496765,20.151028644223192
T0,NORMAL_2023_01_2025_03,2023-11-01,RecursiveTabular,2024-02-01,18.502167166496765,17.249290466308594
T0,NORMAL_2023_01_2025_03,2023-11-01,DirectTabular,2024-02-01,18.502167166496765,2.337134599685669
T0,NORMAL_2023_01_2025_03,2023-11-01,ETS,2024-02-01,18.502167166496765,-21.294898725878966
T0,NORMAL_2023_01_2025_03,2023-11-01,Theta,2024-02-01,18.502167166496765,-25.593502044677734
T0,NORMAL_2023_01_2025_03,2023-11-01,Chronos2,2024-02-01,18.502167166496765,-2.4719462394714355
T0,NORMAL_2023_01_2025_03,2023-11-01,Toto2,2024-02-01,18.502167166496765,4.616992950439453
T0,NORMAL_2023_01_2025_03,2023-11-01,WeightedEnsemble,2024-02-01,18.502167166496765,-17.78217768884784
T0,NORMAL_2023_01_2025_03,2023-11-01,sifir,2024-02-01,18.502167166496765,0.0
T0,NORMAL_2023_01_2025_03,2023-11-01,son12_ortalama,2024-02-01,18.502167166496765,0.25151187264693203
T0,NORMAL_2023_01_2025_03,2023-12-01,SeasonalNaive,2024-03-01,14.808234910108492,1.7719475821560873
T0,NORMAL_2023_01_2025_03,2023-12-01,RecursiveTabular,2024-03-01,14.808234910108492,-0.49920153617858887
T0,NORMAL_2023_01_2025_03,2023-12-01,DirectTabular,2024-03-01,14.808234910108492,2.782479763031006
T0,NORMAL_2023_01_2025_03,2023-12-01,ETS,2024-03-01,14.808234910108492,-9.209733193585631
T0,NORMAL_2023_01_2025_03,2023-12-01,Theta,2024-03-01,14.808234910108492,-13.560186386108398
T0,NORMAL_2023_01_2025_03,2023-12-01,Chronos2,2024-03-01,14.808234910108492,1.2078802585601807
T0,NORMAL_2023_01_2025_03,2023-12-01,Toto2,2024-03-01,14.808234910108492,6.287470817565918
T0,NORMAL_2023_01_2025_03,2023-12-01,WeightedEnsemble,2024-03-01,14.808234910108492,-5.965807937194327
T0,NORMAL_2023_01_2025_03,2023-12-01,sifir,2024-03-01,14.808234910108492,0.0
T0,NORMAL_2023_01_2025_03,2023-12-01,son12_ortalama,2024-03-01,14.808234910108492,-2.913428032147444
T0,NORMAL_2023_01_2025_03,2024-01-01,SeasonalNaive,2024-04-01,8.437620324379505,-2.3825953558908384
T0,NORMAL_2023_01_2025_03,2024-01-01,RecursiveTabular,2024-04-01,8.437620324379505,-3.303271770477295
T0,NORMAL_2023_01_2025_03,2024-01-01,DirectTabular,2024-04-01,8.437620324379505,2.72259259223938
T0,NORMAL_2023_01_2025_03,2024-01-01,ETS,2024-04-01,8.437620324379505,3.943473169906655
T0,NORMAL_2023_01_2025_03,2024-01-01,Theta,2024-04-01,8.437620324379505,-0.3627369701862335
T0,NORMAL_2023_01_2025_03,2024-01-01,Chronos2,2024-04-01,8.437620324379505,3.0042812824249268
T0,NORMAL_2023_01_2025_03,2024-01-01,Toto2,2024-04-01,8.437620324379505,8.959662437438965
T0,NORMAL_2023_01_2025_03,2024-01-01,WeightedEnsemble,2024-04-01,8.437620324379505,7.29471714650431
T0,NORMAL_2023_01_2025_03,2024-01-01,sifir,2024-04-01,8.437620324379505,0.0
T0,NORMAL_2023_01_2025_03,2024-01-01,son12_ortalama,2024-04-01,8.437620324379505,-5.202954668273168
T0,NORMAL_2023_01_2025_03,2024-02-01,SeasonalNaive,2024-05-01,1.7542045779339082,14.133222543787843
T0,NORMAL_2023_01_2025_03,2024-02-01,RecursiveTabular,2024-05-01,1.7542045779339082,14.567368507385254
T0,NORMAL_2023_01_2025_03,2024-02-01,DirectTabular,2024-05-01,1.7542045779339082,2.265472888946533
T0,NORMAL_2023_01_2025_03,2024-02-01,ETS,2024-05-01,1.7542045779339082,18.500711297097105
T0,NORMAL_2023_01_2025_03,2024-02-01,Theta,2024-05-01,1.7542045779339082,14.259138107299805
T0,NORMAL_2023_01_2025_03,2024-02-01,Chronos2,2024-05-01,1.7542045779339082,7.201292037963867
T0,NORMAL_2023_01_2025_03,2024-02-01,Toto2,2024-05-01,1.7542045779339082,12.56560230255127
T0,NORMAL_2023_01_2025_03,2024-02-01,WeightedEnsemble,2024-05-01,1.7542045779339082,12.833640451232593
T0,NORMAL_2023_01_2025_03,2024-02-01,sifir,2024-05-01,1.7542045779339082,0.0
T0,NORMAL_2023_01_2025_03,2024-02-01,son12_ortalama,2024-05-01,1.7542045779339082,-5.340359791417037
T0,NORMAL_2023_01_2025_03,2024-03-01,SeasonalNaive,2024-06-01,-8.974744432748658,8.28717360196214
T0,NORMAL_2023_01_2025_03,2024-03-01,RecursiveTabular,2024-06-01,-8.974744432748658,21.67753791809082
T0,NORMAL_2023_01_2025_03,2024-03-01,DirectTabular,2024-06-01,-8.974744432748658,0.2003317028284073
T0,NORMAL_2023_01_2025_03,2024-03-01,ETS,2024-06-01,-8.974744432748658,14.808604157747192
T0,NORMAL_2023_01_2025_03,2024-03-01,Theta,2024-06-01,-8.974744432748658,10.79873275756836
T0,NORMAL_2023_01_2025_03,2024-03-01,Chronos2,2024-06-01,-8.974744432748658,-1.2201542854309082
T0,NORMAL_2023_01_2025_03,2024-03-01,Toto2,2024-06-01,-8.974744432748658,1.020522952079773
T0,NORMAL_2023_01_2025_03,2024-03-01,WeightedEnsemble,2024-06-01,-8.974744432748658,4.11907519698143
T0,NORMAL_2023_01_2025_03,2024-03-01,sifir,2024-06-01,-8.974744432748658,0.0
T0,NORMAL_2023_01_2025_03,2024-03-01,son12_ortalama,2024-06-01,-8.974744432748658,-4.25400251408767
T0,NORMAL_2023_01_2025_03,2024-04-01,SeasonalNaive,2024-07-01,-1.3844522349381303,-2.7520384522287724
T0,NORMAL_2023_01_2025_03,2024-04-01,RecursiveTabular,2024-07-01,-1.3844522349381303,25.892887115478516
T0,NORMAL_2023_01_2025_03,2024-04-01,DirectTabular,2024-07-01,-1.3844522349381303,0.5534082055091858
T0,NORMAL_2023_01_2025_03,2024-04-01,ETS,2024-07-01,-1.3844522349381303,8.438257422762844
T0,NORMAL_2023_01_2025_03,2024-04-01,Theta,2024-07-01,-1.3844522349381303,4.487876892089844
T0,NORMAL_2023_01_2025_03,2024-04-01,Chronos2,2024-07-01,-1.3844522349381303,0.3535585105419159
T0,NORMAL_2023_01_2025_03,2024-04-01,Toto2,2024-07-01,-1.3844522349381303,-1.113167643547058
T0,NORMAL_2023_01_2025_03,2024-04-01,WeightedEnsemble,2024-07-01,-1.3844522349381303,-1.1885180255554129
T0,NORMAL_2023_01_2025_03,2024-04-01,sifir,2024-07-01,-1.3844522349381303,0.0
T0,NORMAL_2023_01_2025_03,2024-04-01,son12_ortalama,2024-07-01,-1.3844522349381303,-3.352317874065142
T0,NORMAL_2023_01_2025_03,2024-05-01,SeasonalNaive,2024-08-01,-0.8024187595238806,-25.38770344207784
T0,NORMAL_2023_01_2025_03,2024-05-01,RecursiveTabular,2024-08-01,-0.8024187595238806,-28.638404846191406
T0,NORMAL_2023_01_2025_03,2024-05-01,DirectTabular,2024-08-01,-0.8024187595238806,5.254271984100342
T0,NORMAL_2023_01_2025_03,2024-05-01,ETS,2024-08-01,-0.8024187595238806,1.7548729832183927
T0,NORMAL_2023_01_2025_03,2024-05-01,Theta,2024-08-01,-0.8024187595238806,-2.1738317012786865
T0,NORMAL_2023_01_2025_03,2024-05-01,Chronos2,2024-08-01,-0.8024187595238806,-1.4303009510040283
T0,NORMAL_2023_01_2025_03,2024-05-01,Toto2,2024-08-01,-0.8024187595238806,4.035086631774902
T0,NORMAL_2023_01_2025_03,2024-05-01,WeightedEnsemble,2024-08-01,-0.8024187595238806,-8.1160876178467
T0,NORMAL_2023_01_2025_03,2024-05-01,sifir,2024-08-01,-0.8024187595238806,0.0
T0,NORMAL_2023_01_2025_03,2024-05-01,son12_ortalama,2024-08-01,-0.8024187595238806,-4.38390270455297
T0,NORMAL_2023_01_2025_03,2024-06-01,SeasonalNaive,2024-09-01,20.685966189053858,-24.761168053465592
T0,NORMAL_2023_01_2025_03,2024-06-01,RecursiveTabular,2024-09-01,20.685966189053858,-47.91627502441406
T0,NORMAL_2023_01_2025_03,2024-06-01,DirectTabular,2024-09-01,20.685966189053858,11.315532684326172
T0,NORMAL_2023_01_2025_03,2024-06-01,ETS,2024-09-01,20.685966189053858,-8.973671471007059
T0,NORMAL_2023_01_2025_03,2024-06-01,Theta,2024-09-01,20.685966189053858,-12.87244987487793
T0,NORMAL_2023_01_2025_03,2024-06-01,Chronos2,2024-09-01,20.685966189053858,-5.0903754234313965
T0,NORMAL_2023_01_2025_03,2024-06-01,Toto2,2024-09-01,20.685966189053858,4.268860816955566
T0,NORMAL_2023_01_2025_03,2024-06-01,WeightedEnsemble,2024-09-01,20.685966189053858,-3.983368904359879
T0,NORMAL_2023_01_2025_03,2024-06-01,sifir,2024-09-01,20.685966189053858,0.0
T0,NORMAL_2023_01_2025_03,2024-06-01,son12_ortalama,2024-09-01,20.685966189053858,-5.822395874112203
T0,NORMAL_2023_01_2025_03,2024-07-01,SeasonalNaive,2024-10-01,17.08234144025041,-24.937052677846825
T0,NORMAL_2023_01_2025_03,2024-07-01,RecursiveTabular,2024-10-01,17.08234144025041,-6.845632553100586
T0,NORMAL_2023_01_2025_03,2024-07-01,DirectTabular,2024-10-01,17.08234144025041,44.80522155761719
T0,NORMAL_2023_01_2025_03,2024-07-01,ETS,2024-10-01,17.08234144025041,-1.3852111568617396
T0,NORMAL_2023_01_2025_03,2024-07-01,Theta,2024-10-01,17.08234144025041,-5.430031776428223
T0,NORMAL_2023_01_2025_03,2024-07-01,Chronos2,2024-10-01,17.08234144025041,3.3034462928771973
T0,NORMAL_2023_01_2025_03,2024-07-01,Toto2,2024-10-01,17.08234144025041,14.213170051574707
T0,NORMAL_2023_01_2025_03,2024-07-01,WeightedEnsemble,2024-10-01,17.08234144025041,26.264584281227805
T0,NORMAL_2023_01_2025_03,2024-07-01,sifir,2024-10-01,17.08234144025041,0.0
T0,NORMAL_2023_01_2025_03,2024-07-01,son12_ortalama,2024-10-01,17.08234144025041,-5.708430356004648
T0,NORMAL_2023_01_2025_03,2024-08-01,SeasonalNaive,2024-11-01,16.413579595458174,-21.294534475816985
T0,NORMAL_2023_01_2025_03,2024-08-01,RecursiveTabular,2024-11-01,16.413579595458174,-23.23736572265625
T0,NORMAL_2023_01_2025_03,2024-08-01,DirectTabular,2024-11-01,16.413579595458174,15.138273239135742
T0,NORMAL_2023_01_2025_03,2024-08-01,ETS,2024-11-01,16.413579595458174,-0.8024770387636145
T0,NORMAL_2023_01_2025_03,2024-08-01,Theta,2024-11-01,16.413579595458174,-4.751042366027832
T0,NORMAL_2023_01_2025_03,2024-08-01,Chronos2,2024-11-01,16.413579595458174,0.6968885064125061
T0,NORMAL_2023_01_2025_03,2024-08-01,Toto2,2024-11-01,16.413579595458174,7.514285087585449
T0,NORMAL_2023_01_2025_03,2024-08-01,WeightedEnsemble,2024-11-01,16.413579595458174,0.4012389631327731
T0,NORMAL_2023_01_2025_03,2024-08-01,sifir,2024-11-01,16.413579595458174,0.0
T0,NORMAL_2023_01_2025_03,2024-08-01,son12_ortalama,2024-11-01,16.413579595458174,-3.659656632458486
T0,NORMAL_2023_01_2025_03,2024-09-01,SeasonalNaive,2024-12-01,4.669708411962132,-9.208524556168657
T0,NORMAL_2023_01_2025_03,2024-09-01,RecursiveTabular,2024-12-01,4.669708411962132,-17.066164016723633
T0,NORMAL_2023_01_2025_03,2024-09-01,DirectTabular,2024-12-01,4.669708411962132,4.024588584899902
T0,NORMAL_2023_01_2025_03,2024-09-01,ETS,2024-12-01,4.669708411962132,20.68381734473107
T0,NORMAL_2023_01_2025_03,2024-09-01,Theta,2024-12-01,4.669708411962132,16.586950302124023
T0,NORMAL_2023_01_2025_03,2024-09-01,Chronos2,2024-12-01,4.669708411962132,9.632132530212402
T0,NORMAL_2023_01_2025_03,2024-09-01,Toto2,2024-12-01,4.669708411962132,11.446712493896484
T0,NORMAL_2023_01_2025_03,2024-09-01,WeightedEnsemble,2024-12-01,4.669708411962132,4.024588584899902
T0,NORMAL_2023_01_2025_03,2024-09-01,sifir,2024-12-01,4.669708411962132,0.0
T0,NORMAL_2023_01_2025_03,2024-09-01,son12_ortalama,2024-12-01,4.669708411962132,0.12760455441813492
T0,NORMAL_2023_01_2025_03,2024-10-01,SeasonalNaive,2025-01-01,-5.136694267373928,3.944788622088225
T0,NORMAL_2023_01_2025_03,2024-10-01,RecursiveTabular,2025-01-01,-5.136694267373928,5.346339225769043
T0,NORMAL_2023_01_2025_03,2024-10-01,DirectTabular,2025-01-01,-5.136694267373928,-0.7703970074653625
T0,NORMAL_2023_01_2025_03,2024-10-01,ETS,2025-01-01,-5.136694267373928,17.08270158784086
T0,NORMAL_2023_01_2025_03,2024-10-01,Theta,2025-01-01,-5.136694267373928,13.276620864868164
T0,NORMAL_2023_01_2025_03,2024-10-01,Chronos2,2025-01-01,-5.136694267373928,2.8099746704101562
T0,NORMAL_2023_01_2025_03,2024-10-01,Toto2,2025-01-01,-5.136694267373928,0.5535070300102234
T0,NORMAL_2023_01_2025_03,2024-10-01,WeightedEnsemble,2025-01-01,-5.136694267373928,0.5535070300102234
T0,NORMAL_2023_01_2025_03,2024-10-01,sifir,2025-01-01,-5.136694267373928,0.0
T0,NORMAL_2023_01_2025_03,2024-10-01,son12_ortalama,2025-01-01,-5.136694267373928,3.6292207309262374
T0,NORMAL_2023_01_2025_03,2024-11-01,SeasonalNaive,2025-02-01,-12.040738564332296,18.502167166496765
T0,NORMAL_2023_01_2025_03,2024-11-01,RecursiveTabular,2025-02-01,-12.040738564332296,-16.904125213623047
T0,NORMAL_2023_01_2025_03,2024-11-01,DirectTabular,2025-02-01,-12.040738564332296,-17.24098777770996
T0,NORMAL_2023_01_2025_03,2024-11-01,ETS,2025-02-01,-12.040738564332296,16.41364650765741
T0,NORMAL_2023_01_2025_03,2024-11-01,Theta,2025-02-01,-12.040738564332296,12.626996994018555
T0,NORMAL_2023_01_2025_03,2024-11-01,Chronos2,2025-02-01,-12.040738564332296,0.7521936893463135
T0,NORMAL_2023_01_2025_03,2024-11-01,Toto2,2025-02-01,-12.040738564332296,-0.1138695478439331
T0,NORMAL_2023_01_2025_03,2024-11-01,WeightedEnsemble,2025-02-01,-12.040738564332296,-8.106524721781414
T0,NORMAL_2023_01_2025_03,2024-11-01,sifir,2025-02-01,-12.040738564332296,0.0
T0,NORMAL_2023_01_2025_03,2024-11-01,son12_ortalama,2025-02-01,-12.040738564332296,6.771563570199167
T0,NORMAL_2023_01_2025_03,2024-12-01,SeasonalNaive,2025-03-01,-19.8439275880849,14.808234910108492
T0,NORMAL_2023_01_2025_03,2024-12-01,RecursiveTabular,2025-03-01,-19.8439275880849,-29.43680191040039
T0,NORMAL_2023_01_2025_03,2024-12-01,DirectTabular,2025-03-01,-19.8439275880849,-10.75140380859375
T0,NORMAL_2023_01_2025_03,2024-12-01,ETS,2025-03-01,-19.8439275880849,4.670882805771704
T0,NORMAL_2023_01_2025_03,2024-12-01,Theta,2025-03-01,-19.8439275880849,0.9973310828208923
T0,NORMAL_2023_01_2025_03,2024-12-01,Chronos2,2025-03-01,-19.8439275880849,-3.3258261680603027
T0,NORMAL_2023_01_2025_03,2024-12-01,Toto2,2025-03-01,-19.8439275880849,-2.9946417808532715
T0,NORMAL_2023_01_2025_03,2024-12-01,WeightedEnsemble,2025-03-01,-19.8439275880849,-11.966927689976162
T0,NORMAL_2023_01_2025_03,2024-12-01,sifir,2025-03-01,-19.8439275880849,0.0
T0,NORMAL_2023_01_2025_03,2024-12-01,son12_ortalama,2025-03-01,-19.8439275880849,7.928082984210068
T0,NORMAL_2023_01_2025_03,2025-01-01,SeasonalNaive,2025-04-01,-7.560802892465666,8.437620324379505
T0,NORMAL_2023_01_2025_03,2025-01-01,RecursiveTabular,2025-04-01,-7.560802892465666,-5.835176467895508
T0,NORMAL_2023_01_2025_03,2025-01-01,DirectTabular,2025-04-01,-7.560802892465666,2.6708645820617676
T0,NORMAL_2023_01_2025_03,2025-01-01,ETS,2025-04-01,-7.560802892465666,-5.135713509666612
T0,NORMAL_2023_01_2025_03,2025-01-01,Theta,2025-04-01,-7.560802892465666,-8.83126163482666
T0,NORMAL_2023_01_2025_03,2025-01-01,Chronos2,2025-04-01,-7.560802892465666,-0.8957066535949707
T0,NORMAL_2023_01_2025_03,2025-01-01,Toto2,2025-04-01,-7.560802892465666,-4.014840126037598
T0,NORMAL_2023_01_2025_03,2025-01-01,WeightedEnsemble,2025-04-01,-7.560802892465666,0.43811861442965117
T0,NORMAL_2023_01_2025_03,2025-01-01,sifir,2025-04-01,-7.560802892465666,0.0
T0,NORMAL_2023_01_2025_03,2025-01-01,son12_ortalama,2025-04-01,-7.560802892465666,7.171292743421554
T0,NORMAL_2023_01_2025_03,2025-02-01,SeasonalNaive,2025-05-01,5.528626487670866,1.7542045779339082
T0,NORMAL_2023_01_2025_03,2025-02-01,RecursiveTabular,2025-05-01,5.528626487670866,-10.692666053771973
T0,NORMAL_2023_01_2025_03,2025-02-01,DirectTabular,2025-05-01,5.528626487670866,22.884063720703125
T0,NORMAL_2023_01_2025_03,2025-02-01,ETS,2025-05-01,5.528626487670866,-12.040048061826827
T0,NORMAL_2023_01_2025_03,2025-02-01,Theta,2025-05-01,5.528626487670866,-15.76938247680664
T0,NORMAL_2023_01_2025_03,2025-02-01,Chronos2,2025-05-01,5.528626487670866,3.7586684226989746
T0,NORMAL_2023_01_2025_03,2025-02-01,Toto2,2025-05-01,5.528626487670866,-5.285006999969482
T0,NORMAL_2023_01_2025_03,2025-02-01,WeightedEnsemble,2025-05-01,5.528626487670866,22.548296422958373
T0,NORMAL_2023_01_2025_03,2025-02-01,sifir,2025-05-01,5.528626487670866,0.0
T0,NORMAL_2023_01_2025_03,2025-02-01,son12_ortalama,2025-05-01,5.528626487670866,4.6260505991858
T0,NORMAL_2023_01_2025_03,2025-03-01,SeasonalNaive,2025-06-01,12.821982748855913,-8.974744432748658
T0,NORMAL_2023_01_2025_03,2025-03-01,RecursiveTabular,2025-06-01,12.821982748855913,-8.073261260986328
T0,NORMAL_2023_01_2025_03,2025-03-01,DirectTabular,2025-06-01,12.821982748855913,17.70728874206543
T0,NORMAL_2023_01_2025_03,2025-03-01,ETS,2025-06-01,12.821982748855913,-19.84314720013227
T0,NORMAL_2023_01_2025_03,2025-03-01,Theta,2025-06-01,12.821982748855913,-23.579208374023438
T0,NORMAL_2023_01_2025_03,2025-03-01,Chronos2,2025-06-01,12.821982748855913,0.06921303272247314
T0,NORMAL_2023_01_2025_03,2025-03-01,Toto2,2025-06-01,12.821982748855913,-0.9326454401016235
T0,NORMAL_2023_01_2025_03,2025-03-01,WeightedEnsemble,2025-06-01,12.821982748855913,-8.027245956127379
T0,NORMAL_2023_01_2025_03,2025-03-01,sifir,2025-06-01,12.821982748855913,0.0
T0,NORMAL_2023_01_2025_03,2025-03-01,son12_ortalama,2025-06-01,12.821982748855913,1.7383703910030166
T1,SOK_2020_04_2022_12,2020-04-01,SeasonalNaive,2020-07-01,33.28497903270504,9.845040557851622
T1,SOK_2020_04_2022_12,2020-04-01,RecursiveTabular,2020-07-01,33.28497903270504,5.228543281555176
T1,SOK_2020_04_2022_12,2020-04-01,DirectTabular,2020-07-01,33.28497903270504,1.9761927127838135
T1,SOK_2020_04_2022_12,2020-04-01,ETS,2020-07-01,33.28497903270504,-42.497226589094296
T1,SOK_2020_04_2022_12,2020-04-01,Theta,2020-07-01,33.28497903270504,-45.175331115722656
T1,SOK_2020_04_2022_12,2020-04-01,Chronos2,2020-07-01,33.28497903270504,-7.325385093688965
T1,SOK_2020_04_2022_12,2020-04-01,Toto2,2020-07-01,33.28497903270504,-37.242759704589844
T1,SOK_2020_04_2022_12,2020-04-01,WeightedEnsemble,2020-07-01,33.28497903270504,1.9761927127838135
T1,SOK_2020_04_2022_12,2020-04-01,sifir,2020-07-01,33.28497903270504,0.0
T1,SOK_2020_04_2022_12,2020-04-01,son12_ortalama,2020-07-01,33.28497903270504,7.890450246953027
T1,SOK_2020_04_2022_12,2020-05-01,SeasonalNaive,2020-08-01,62.498973254681154,-5.87310525485472
T1,SOK_2020_04_2022_12,2020-05-01,RecursiveTabular,2020-08-01,62.498973254681154,-10.586494445800781
T1,SOK_2020_04_2022_12,2020-05-01,DirectTabular,2020-08-01,62.498973254681154,4.797842025756836
T1,SOK_2020_04_2022_12,2020-05-01,ETS,2020-08-01,62.498973254681154,-57.86104569087719
T1,SOK_2020_04_2022_12,2020-05-01,Theta,2020-08-01,62.498973254681154,-61.5817985534668
T1,SOK_2020_04_2022_12,2020-05-01,Chronos2,2020-08-01,62.498973254681154,-43.383506774902344
T1,SOK_2020_04_2022_12,2020-05-01,Toto2,2020-08-01,62.498973254681154,-53.060726165771484
T1,SOK_2020_04_2022_12,2020-05-01,WeightedEnsemble,2020-08-01,62.498973254681154,-57.86104569087719
T1,SOK_2020_04_2022_12,2020-05-01,sifir,2020-08-01,62.498973254681154,0.0
T1,SOK_2020_04_2022_12,2020-05-01,son12_ortalama,2020-08-01,62.498973254681154,1.310443906688669
T1,SOK_2020_04_2022_12,2020-06-01,SeasonalNaive,2020-09-01,34.50845781715758,10.989231264575114
T1,SOK_2020_04_2022_12,2020-06-01,RecursiveTabular,2020-09-01,34.50845781715758,16.43801498413086
T1,SOK_2020_04_2022_12,2020-06-01,DirectTabular,2020-09-01,34.50845781715758,6.605868339538574
T1,SOK_2020_04_2022_12,2020-06-01,ETS,2020-09-01,34.50845781715758,-22.796545981970787
T1,SOK_2020_04_2022_12,2020-06-01,Theta,2020-09-01,34.50845781715758,-27.205812454223633
T1,SOK_2020_04_2022_12,2020-06-01,Chronos2,2020-09-01,34.50845781715758,-9.618276596069336
T1,SOK_2020_04_2022_12,2020-06-01,Toto2,2020-09-01,34.50845781715758,9.226176261901855
T1,SOK_2020_04_2022_12,2020-06-01,WeightedEnsemble,2020-09-01,34.50845781715758,-27.205812454223633
T1,SOK_2020_04_2022_12,2020-06-01,sifir,2020-09-01,34.50845781715758,0.0
T1,SOK_2020_04_2022_12,2020-06-01,son12_ortalama,2020-09-01,34.50845781715758,-1.8613199563826084
T1,SOK_2020_04_2022_12,2020-07-01,SeasonalNaive,2020-10-01,-3.0025495759971608,17.25095599702351
T1,SOK_2020_04_2022_12,2020-07-01,RecursiveTabular,2020-10-01,-3.0025495759971608,31.542667388916016
T1,SOK_2020_04_2022_12,2020-07-01,DirectTabular,2020-10-01,-3.0025495759971608,7.0354108810424805
T1,SOK_2020_04_2022_12,2020-07-01,ETS,2020-10-01,-3.0025495759971608,33.27937088020356
T1,SOK_2020_04_2022_12,2020-07-01,Theta,2020-10-01,-3.0025495759971608,28.920215606689453
T1,SOK_2020_04_2022_12,2020-07-01,Chronos2,2020-10-01,-3.0025495759971608,-16.816530227661133
T1,SOK_2020_04_2022_12,2020-07-01,Toto2,2020-10-01,-3.0025495759971608,16.5380802154541
T1,SOK_2020_04_2022_12,2020-07-01,WeightedEnsemble,2020-10-01,-3.0025495759971608,-15.142710066678232
T1,SOK_2020_04_2022_12,2020-07-01,sifir,2020-10-01,-3.0025495759971608,0.0
T1,SOK_2020_04_2022_12,2020-07-01,son12_ortalama,2020-10-01,-3.0025495759971608,0.09200824985517642
T1,SOK_2020_04_2022_12,2020-08-01,SeasonalNaive,2020-11-01,-21.104097827845703,35.45477484579875
T1,SOK_2020_04_2022_12,2020-08-01,RecursiveTabular,2020-11-01,-21.104097827845703,58.56932067871094
T1,SOK_2020_04_2022_12,2020-08-01,DirectTabular,2020-11-01,-21.104097827845703,6.639796733856201
T1,SOK_2020_04_2022_12,2020-08-01,ETS,2020-11-01,-21.104097827845703,62.4960512944437
T1,SOK_2020_04_2022_12,2020-08-01,Theta,2020-11-01,-21.104097827845703,59.266815185546875
T1,SOK_2020_04_2022_12,2020-08-01,Chronos2,2020-11-01,-21.104097827845703,-7.694089889526367
T1,SOK_2020_04_2022_12,2020-08-01,Toto2,2020-11-01,-21.104097827845703,16.472469329833984
T1,SOK_2020_04_2022_12,2020-08-01,WeightedEnsemble,2020-11-01,-21.104097827845703,58.56932067871094
T1,SOK_2020_04_2022_12,2020-08-01,sifir,2020-11-01,-21.104097827845703,0.0
T1,SOK_2020_04_2022_12,2020-08-01,son12_ortalama,2020-11-01,-21.104097827845703,5.789681458983165
T1,SOK_2020_04_2022_12,2020-09-01,SeasonalNaive,2020-12-01,-34.310592493298216,30.67981628914958
T1,SOK_2020_04_2022_12,2020-09-01,RecursiveTabular,2020-12-01,-34.310592493298216,54.496604919433594
T1,SOK_2020_04_2022_12,2020-09-01,DirectTabular,2020-12-01,-34.310592493298216,5.392592906951904
T1,SOK_2020_04_2022_12,2020-09-01,ETS,2020-12-01,-34.310592493298216,34.51125657650531
T1,SOK_2020_04_2022_12,2020-09-01,Theta,2020-12-01,-34.310592493298216,31.721965789794922
T1,SOK_2020_04_2022_12,2020-09-01,Chronos2,2020-12-01,-34.310592493298216,-7.10538387298584
T1,SOK_2020_04_2022_12,2020-09-01,Toto2,2020-12-01,-34.310592493298216,-17.286632537841797
T1,SOK_2020_04_2022_12,2020-09-01,WeightedEnsemble,2020-12-01,-34.310592493298216,54.496604919433594
T1,SOK_2020_04_2022_12,2020-09-01,sifir,2020-12-01,-34.310592493298216,0.0
T1,SOK_2020_04_2022_12,2020-09-01,son12_ortalama,2020-12-01,-34.310592493298216,7.749617005031705
T1,SOK_2020_04_2022_12,2020-10-01,SeasonalNaive,2021-01-01,-50.27348041149137,18.78633798494572
T1,SOK_2020_04_2022_12,2020-10-01,RecursiveTabular,2021-01-01,-50.27348041149137,33.255577087402344
T1,SOK_2020_04_2022_12,2020-10-01,DirectTabular,2021-01-01,-50.27348041149137,2.735330104827881
T1,SOK_2020_04_2022_12,2020-10-01,ETS,2021-01-01,-50.27348041149137,-2.9987981953819016
T1,SOK_2020_04_2022_12,2020-10-01,Theta,2021-01-01,-50.27348041149137,-6.376551628112793
T1,SOK_2020_04_2022_12,2020-10-01,Chronos2,2021-01-01,-50.27348041149137,-11.262321472167969
T1,SOK_2020_04_2022_12,2020-10-01,Toto2,2021-01-01,-50.27348041149137,-13.947253227233887
T1,SOK_2020_04_2022_12,2020-10-01,WeightedEnsemble,2021-01-01,-50.27348041149137,-13.79160504669383
T1,SOK_2020_04_2022_12,2020-10-01,sifir,2021-01-01,-50.27348041149137,0.0
T1,SOK_2020_04_2022_12,2020-10-01,son12_ortalama,2021-01-01,-50.27348041149137,6.061824873946648
T1,SOK_2020_04_2022_12,2020-11-01,SeasonalNaive,2021-02-01,-56.20072992364159,2.530313051816066
T1,SOK_2020_04_2022_12,2020-11-01,RecursiveTabular,2021-02-01,-56.20072992364159,1.3237751722335815
T1,SOK_2020_04_2022_12,2020-11-01,DirectTabular,2021-02-01,-56.20072992364159,-0.055928535759449005
T1,SOK_2020_04_2022_12,2020-11-01,ETS,2021-02-01,-56.20072992364159,-23.803960371305863
T1,SOK_2020_04_2022_12,2020-11-01,Theta,2021-02-01,-56.20072992364159,-25.05373764038086
T1,SOK_2020_04_2022_12,2020-11-01,Chronos2,2021-02-01,-56.20072992364159,-1.2547872066497803
T1,SOK_2020_04_2022_12,2020-11-01,Toto2,2021-02-01,-56.20072992364159,-9.397294044494629
T1,SOK_2020_04_2022_12,2020-11-01,WeightedEnsemble,2021-02-01,-56.20072992364159,-0.9550725389271975
T1,SOK_2020_04_2022_12,2020-11-01,sifir,2021-02-01,-56.20072992364159,0.0
T1,SOK_2020_04_2022_12,2020-11-01,son12_ortalama,2021-02-01,-56.20072992364159,1.3485854844762768
T1,SOK_2020_04_2022_12,2020-12-01,SeasonalNaive,2021-03-01,-26.66389373658552,-18.843990442090515
T1,SOK_2020_04_2022_12,2020-12-01,RecursiveTabular,2021-03-01,-26.66389373658552,-28.426239013671875
T1,SOK_2020_04_2022_12,2020-12-01,DirectTabular,2021-03-01,-26.66389373658552,-0.9709880948066711
T1,SOK_2020_04_2022_12,2020-12-01,ETS,2021-03-01,-26.66389373658552,-38.01184601784522
T1,SOK_2020_04_2022_12,2020-12-01,Theta,2021-03-01,-26.66389373658552,-38.66907501220703
T1,SOK_2020_04_2022_12,2020-12-01,Chronos2,2021-03-01,-26.66389373658552,13.915175437927246
T1,SOK_2020_04_2022_12,2020-12-01,Toto2,2021-03-01,-26.66389373658552,3.6305627822875977
T1,SOK_2020_04_2022_12,2020-12-01,WeightedEnsemble,2021-03-01,-26.66389373658552,3.6305627822875977
T1,SOK_2020_04_2022_12,2020-12-01,sifir,2021-03-01,-26.66389373658552,0.0
T1,SOK_2020_04_2022_12,2020-12-01,son12_ortalama,2021-03-01,-26.66389373658552,-4.067281914061039
T1,SOK_2020_04_2022_12,2021-01-01,SeasonalNaive,2021-04-01,6.380031107179807,-42.499592363045686
T1,SOK_2020_04_2022_12,2021-01-01,RecursiveTabular,2021-04-01,6.380031107179807,-52.12571334838867
T1,SOK_2020_04_2022_12,2021-01-01,DirectTabular,2021-04-01,6.380031107179807,0.38500675559043884
T1,SOK_2020_04_2022_12,2021-01-01,ETS,2021-04-01,6.380031107179807,-50.271883990616494
T1,SOK_2020_04_2022_12,2021-01-01,Theta,2021-04-01,6.380031107179807,-55.05221939086914
T1,SOK_2020_04_2022_12,2021-01-01,Chronos2,2021-04-01,6.380031107179807,18.855823516845703
T1,SOK_2020_04_2022_12,2021-01-01,Toto2,2021-04-01,6.380031107179807,-14.986834526062012
T1,SOK_2020_04_2022_12,2021-01-01,WeightedEnsemble,2021-04-01,6.380031107179807,-14.986834526062012
T1,SOK_2020_04_2022_12,2021-01-01,sifir,2021-04-01,6.380031107179807,0.0
T1,SOK_2020_04_2022_12,2021-01-01,son12_ortalama,2021-04-01,6.380031107179807,-9.822266780430796
T1,SOK_2020_04_2022_12,2021-02-01,SeasonalNaive,2021-05-01,18.675919162484007,-57.86258222644093
T1,SOK_2020_04_2022_12,2021-02-01,RecursiveTabular,2021-05-01,18.675919162484007,-61.099281311035156
T1,SOK_2020_04_2022_12,2021-02-01,DirectTabular,2021-05-01,18.675919162484007,3.0469930171966553
T1,SOK_2020_04_2022_12,2021-02-01,ETS,2021-05-01,18.675919162484007,-56.200137039048286
T1,SOK_2020_04_2022_12,2021-02-01,Theta,2021-05-01,18.675919162484007,-61.38988494873047
T1,SOK_2020_04_2022_12,2021-02-01,Chronos2,2021-05-01,18.675919162484007,11.037622451782227
T1,SOK_2020_04_2022_12,2021-02-01,Toto2,2021-05-01,18.675919162484007,-19.367053985595703
T1,SOK_2020_04_2022_12,2021-02-01,WeightedEnsemble,2021-05-01,18.675919162484007,-56.200137039048286
T1,SOK_2020_04_2022_12,2021-02-01,sifir,2021-05-01,18.675919162484007,0.0
T1,SOK_2020_04_2022_12,2021-02-01,son12_ortalama,2021-05-01,18.675919162484007,-14.716520361718935
T1,SOK_2020_04_2022_12,2021-03-01,SeasonalNaive,2021-06-01,18.676333909135213,-22.793039181319823
T1,SOK_2020_04_2022_12,2021-03-01,RecursiveTabular,2021-06-01,18.676333909135213,-21.57710838317871
T1,SOK_2020_04_2022_12,2021-03-01,DirectTabular,2021-06-01,18.676333909135213,4.264754772186279
T1,SOK_2020_04_2022_12,2021-03-01,ETS,2021-06-01,18.676333909135213,-26.666847360915774
T1,SOK_2020_04_2022_12,2021-03-01,Theta,2021-06-01,18.676333909135213,-32.18099594116211
T1,SOK_2020_04_2022_12,2021-03-01,Chronos2,2021-06-01,18.676333909135213,15.236281394958496
T1,SOK_2020_04_2022_12,2021-03-01,Toto2,2021-06-01,18.676333909135213,12.024835586547852
T1,SOK_2020_04_2022_12,2021-03-01,WeightedEnsemble,2021-06-01,18.676333909135213,-16.1528030817137
T1,SOK_2020_04_2022_12,2021-03-01,sifir,2021-06-01,18.676333909135213,0.0
T1,SOK_2020_04_2022_12,2021-03-01,son12_ortalama,2021-06-01,18.676333909135213,-15.36817896959352
T1,SOK_2020_04_2022_12,2021-04-01,SeasonalNaive,2021-07-01,13.4745169990887,33.28497903270504
T1,SOK_2020_04_2022_12,2021-04-01,RecursiveTabular,2021-07-01,13.4745169990887,38.525787353515625
T1,SOK_2020_04_2022_12,2021-04-01,DirectTabular,2021-07-01,13.4745169990887,3.7205731868743896
T1,SOK_2020_04_2022_12,2021-04-01,ETS,2021-07-01,13.4745169990887,6.376726419332996
T1,SOK_2020_04_2022_12,2021-04-01,Theta,2021-07-01,13.4745169990887,1.0665020942687988
T1,SOK_2020_04_2022_12,2021-04-01,Chronos2,2021-07-01,13.4745169990887,4.778916358947754
T1,SOK_2020_04_2022_12,2021-04-01,Toto2,2021-07-01,13.4745169990887,8.353858947753906
T1,SOK_2020_04_2022_12,2021-04-01,WeightedEnsemble,2021-07-01,13.4745169990887,7.590668872501073
T1,SOK_2020_04_2022_12,2021-04-01,sifir,2021-07-01,13.4745169990887,0.0
T1,SOK_2020_04_2022_12,2021-04-01,son12_ortalama,2021-07-01,13.4745169990887,-11.294877013741393
T1,SOK_2020_04_2022_12,2021-05-01,SeasonalNaive,2021-08-01,31.56739785908104,62.498973254681154
T1,SOK_2020_04_2022_12,2021-05-01,RecursiveTabular,2021-08-01,31.56739785908104,70.64163208007812
T1,SOK_2020_04_2022_12,2021-05-01,DirectTabular,2021-08-01,31.56739785908104,2.699232816696167
T1,SOK_2020_04_2022_12,2021-05-01,ETS,2021-08-01,31.56739785908104,18.67468924320969
T1,SOK_2020_04_2022_12,2021-05-01,Theta,2021-08-01,31.56739785908104,13.883005142211914
T1,SOK_2020_04_2022_12,2021-05-01,Chronos2,2021-08-01,31.56739785908104,-0.7126818895339966
T1,SOK_2020_04_2022_12,2021-05-01,Toto2,2021-08-01,31.56739785908104,2.891286849975586
T1,SOK_2020_04_2022_12,2021-05-01,WeightedEnsemble,2021-08-01,31.56739785908104,0.30737509739767643
T1,SOK_2020_04_2022_12,2021-05-01,sifir,2021-08-01,31.56739785908104,0.0
T1,SOK_2020_04_2022_12,2021-05-01,son12_ortalama,2021-08-01,31.56739785908104,-4.916668564664317
T1,SOK_2020_04_2022_12,2021-06-01,SeasonalNaive,2021-09-01,22.772304773526542,34.50845781715758
T1,SOK_2020_04_2022_12,2021-06-01,RecursiveTabular,2021-09-01,22.772304773526542,40.847137451171875
T1,SOK_2020_04_2022_12,2021-06-01,DirectTabular,2021-09-01,22.772304773526542,1.5035855770111084
T1,SOK_2020_04_2022_12,2021-06-01,ETS,2021-09-01,22.772304773526542,18.67633374466862
T1,SOK_2020_04_2022_12,2021-06-01,Theta,2021-09-01,22.772304773526542,14.237914085388184
T1,SOK_2020_04_2022_12,2021-06-01,Chronos2,2021-09-01,22.772304773526542,-2.4374725818634033
T1,SOK_2020_04_2022_12,2021-06-01,Toto2,2021-09-01,22.772304773526542,5.015986919403076
T1,SOK_2020_04_2022_12,2021-06-01,WeightedEnsemble,2021-09-01,22.772304773526542,1.8443020151016563
T1,SOK_2020_04_2022_12,2021-06-01,sifir,2021-09-01,22.772304773526542,0.0
T1,SOK_2020_04_2022_12,2021-06-01,son12_ortalama,2021-09-01,22.772304773526542,-1.4608874737930646
T1,SOK_2020_04_2022_12,2021-07-01,SeasonalNaive,2021-10-01,27.944221914701988,-3.0025495759971608
T1,SOK_2020_04_2022_12,2021-07-01,RecursiveTabular,2021-10-01,27.944221914701988,-3.6680655479431152
T1,SOK_2020_04_2022_12,2021-07-01,DirectTabular,2021-10-01,27.944221914701988,-0.07771601527929306
T1,SOK_2020_04_2022_12,2021-07-01,ETS,2021-10-01,27.944221914701988,13.475037180763259
T1,SOK_2020_04_2022_12,2021-07-01,Theta,2021-10-01,27.944221914701988,9.23137092590332
T1,SOK_2020_04_2022_12,2021-07-01,Chronos2,2021-10-01,27.944221914701988,-4.855099678039551
T1,SOK_2020_04_2022_12,2021-07-01,Toto2,2021-10-01,27.944221914701988,0.0734131932258606
T1,SOK_2020_04_2022_12,2021-07-01,WeightedEnsemble,2021-10-01,27.944221914701988,0.8807399394630533
T1,SOK_2020_04_2022_12,2021-07-01,sifir,2021-10-01,27.944221914701988,0.0
T1,SOK_2020_04_2022_12,2021-07-01,son12_ortalama,2021-10-01,27.944221914701988,-3.1117593099277574
T1,SOK_2020_04_2022_12,2021-08-01,SeasonalNaive,2021-11-01,24.967485286315604,-21.104097827845703
T1,SOK_2020_04_2022_12,2021-08-01,RecursiveTabular,2021-11-01,24.967485286315604,-28.68362045288086
T1,SOK_2020_04_2022_12,2021-08-01,DirectTabular,2021-11-01,24.967485286315604,-1.786246657371521
T1,SOK_2020_04_2022_12,2021-08-01,ETS,2021-11-01,24.967485286315604,31.565588623013205
T1,SOK_2020_04_2022_12,2021-08-01,Theta,2021-11-01,24.967485286315604,27.393207550048828
T1,SOK_2020_04_2022_12,2021-08-01,Chronos2,2021-11-01,24.967485286315604,11.121260643005371
T1,SOK_2020_04_2022_12,2021-08-01,Toto2,2021-11-01,24.967485286315604,19.59528350830078
T1,SOK_2020_04_2022_12,2021-08-01,WeightedEnsemble,2021-11-01,24.967485286315604,31.565588623013205
T1,SOK_2020_04_2022_12,2021-08-01,sifir,2021-11-01,24.967485286315604,0.0
T1,SOK_2020_04_2022_12,2021-08-01,son12_ortalama,2021-11-01,24.967485286315604,-5.689390592894436
T1,SOK_2020_04_2022_12,2021-09-01,SeasonalNaive,2021-12-01,24.406716659833776,-34.310592493298216
T1,SOK_2020_04_2022_12,2021-09-01,RecursiveTabular,2021-12-01,24.406716659833776,-43.81425094604492
T1,SOK_2020_04_2022_12,2021-09-01,DirectTabular,2021-12-01,24.406716659833776,-2.5338661670684814
T1,SOK_2020_04_2022_12,2021-09-01,ETS,2021-12-01,24.406716659833776,22.773184101911493
T1,SOK_2020_04_2022_12,2021-09-01,Theta,2021-12-01,24.406716659833776,18.98672103881836
T1,SOK_2020_04_2022_12,2021-09-01,Chronos2,2021-12-01,24.406716659833776,6.039714813232422
T1,SOK_2020_04_2022_12,2021-09-01,Toto2,2021-12-01,24.406716659833776,-8.583715438842773
T1,SOK_2020_04_2022_12,2021-09-01,WeightedEnsemble,2021-12-01,24.406716659833776,-0.9274283727848598
T1,SOK_2020_04_2022_12,2021-09-01,sifir,2021-12-01,24.406716659833776,0.0
T1,SOK_2020_04_2022_12,2021-09-01,son12_ortalama,2021-12-01,24.406716659833776,-6.667403346530354
T1,SOK_2020_04_2022_12,2021-10-01,SeasonalNaive,2022-01-01,-2.7222109811672275,-50.27348041149137
T1,SOK_2020_04_2022_12,2021-10-01,RecursiveTabular,2022-01-01,-2.7222109811672275,-55.59461212158203
T1,SOK_2020_04_2022_12,2021-10-01,DirectTabular,2022-01-01,-2.7222109811672275,-2.318495988845825
T1,SOK_2020_04_2022_12,2021-10-01,ETS,2022-01-01,-2.7222109811672275,27.943704810920707
T1,SOK_2020_04_2022_12,2021-10-01,Theta,2022-01-01,-2.7222109811672275,24.226627349853516
T1,SOK_2020_04_2022_12,2021-10-01,Chronos2,2022-01-01,-2.7222109811672275,9.182576179504395
T1,SOK_2020_04_2022_12,2021-10-01,Toto2,2022-01-01,-2.7222109811672275,6.9670515060424805
T1,SOK_2020_04_2022_12,2021-10-01,WeightedEnsemble,2022-01-01,-2.7222109811672275,-0.9221611640170835
T1,SOK_2020_04_2022_12,2021-10-01,sifir,2022-01-01,-2.7222109811672275,0.0
T1,SOK_2020_04_2022_12,2021-10-01,son12_ortalama,2022-01-01,-2.7222109811672275,-4.088505722305425
T1,SOK_2020_04_2022_12,2021-11-01,SeasonalNaive,2022-02-01,-46.08443020014799,-56.20072992364159
T1,SOK_2020_04_2022_12,2021-11-01,RecursiveTabular,2022-02-01,-46.08443020014799,-55.5859260559082
T1,SOK_2020_04_2022_12,2021-11-01,DirectTabular,2022-02-01,-46.08443020014799,-1.7047995328903198
T1,SOK_2020_04_2022_12,2021-11-01,ETS,2022-02-01,-46.08443020014799,24.967782908268067
T1,SOK_2020_04_2022_12,2021-11-01,Theta,2022-02-01,-46.08443020014799,21.464643478393555
T1,SOK_2020_04_2022_12,2021-11-01,Chronos2,2022-02-01,-46.08443020014799,0.49202656745910645
T1,SOK_2020_04_2022_12,2021-11-01,Toto2,2022-02-01,-46.08443020014799,10.159191131591797
T1,SOK_2020_04_2022_12,2021-11-01,WeightedEnsemble,2022-02-01,-46.08443020014799,18.738921663884895
T1,SOK_2020_04_2022_12,2021-11-01,sifir,2022-02-01,-46.08443020014799,0.0
T1,SOK_2020_04_2022_12,2021-11-01,son12_ortalama,2022-02-01,-46.08443020014799,-0.249207129458649
T1,SOK_2020_04_2022_12,2021-12-01,SeasonalNaive,2022-03-01,-55.67118866070032,-26.66389373658552
T1,SOK_2020_04_2022_12,2021-12-01,RecursiveTabular,2022-03-01,-55.67118866070032,-22.064624786376953
T1,SOK_2020_04_2022_12,2021-12-01,DirectTabular,2022-03-01,-55.67118866070032,-1.1465709209442139
T1,SOK_2020_04_2022_12,2021-12-01,ETS,2022-03-01,-55.67118866070032,24.40677276645862
T1,SOK_2020_04_2022_12,2021-12-01,Theta,2022-03-01,-55.67118866070032,21.009693145751953
T1,SOK_2020_04_2022_12,2021-12-01,Chronos2,2022-03-01,-55.67118866070032,-4.986783981323242
T1,SOK_2020_04_2022_12,2021-12-01,Toto2,2022-03-01,-55.67118866070032,13.656526565551758
T1,SOK_2020_04_2022_12,2021-12-01,WeightedEnsemble,2022-03-01,-55.67118866070032,24.40677276645862
T1,SOK_2020_04_2022_12,2021-12-01,sifir,2022-03-01,-55.67118866070032,0.0
T1,SOK_2020_04_2022_12,2021-12-01,son12_ortalama,2022-03-01,-55.67118866070032,4.643901966635681
T1,SOK_2020_04_2022_12,2022-01-01,SeasonalNaive,2022-04-01,-15.512275188419933,6.380031107179807
T1,SOK_2020_04_2022_12,2022-01-01,RecursiveTabular,2022-04-01,-15.512275188419933,10.469888687133789
T1,SOK_2020_04_2022_12,2022-01-01,DirectTabular,2022-04-01,-15.512275188419933,-0.733671247959137
T1,SOK_2020_04_2022_12,2022-01-01,ETS,2022-04-01,-15.512275188419933,-2.719498082792459
T1,SOK_2020_04_2022_12,2022-01-01,Theta,2022-04-01,-15.512275188419933,-6.05765438079834
T1,SOK_2020_04_2022_12,2022-01-01,Chronos2,2022-04-01,-15.512275188419933,-6.390935897827148
T1,SOK_2020_04_2022_12,2022-01-01,Toto2,2022-04-01,-15.512275188419933,-31.809415817260742
T1,SOK_2020_04_2022_12,2022-01-01,WeightedEnsemble,2022-04-01,-15.512275188419933,-31.809415817260742
T1,SOK_2020_04_2022_12,2022-01-01,sifir,2022-04-01,-15.512275188419933,0.0
T1,SOK_2020_04_2022_12,2022-01-01,son12_ortalama,2022-04-01,-15.512275188419933,8.606507752496029
T1,SOK_2020_04_2022_12,2022-02-01,SeasonalNaive,2022-05-01,32.47792386830969,18.675919162484007
T1,SOK_2020_04_2022_12,2022-02-01,RecursiveTabular,2022-05-01,32.47792386830969,20.264602661132812
T1,SOK_2020_04_2022_12,2022-02-01,DirectTabular,2022-05-01,32.47792386830969,0.0879737138748169
T1,SOK_2020_04_2022_12,2022-02-01,ETS,2022-05-01,32.47792386830969,-46.08009370693625
T1,SOK_2020_04_2022_12,2022-02-01,Theta,2022-05-01,32.47792386830969,-49.815223693847656
T1,SOK_2020_04_2022_12,2022-02-01,Chronos2,2022-05-01,32.47792386830969,4.119699001312256
T1,SOK_2020_04_2022_12,2022-02-01,Toto2,2022-05-01,32.47792386830969,-34.205604553222656
T1,SOK_2020_04_2022_12,2022-02-01,WeightedEnsemble,2022-05-01,32.47792386830969,7.137452124377624
T1,SOK_2020_04_2022_12,2022-02-01,sifir,2022-05-01,32.47792386830969,0.0
T1,SOK_2020_04_2022_12,2022-02-01,son12_ortalama,2022-05-01,32.47792386830969,9.449532729453827
T1,SOK_2020_04_2022_12,2022-03-01,SeasonalNaive,2022-06-01,52.30539754816378,18.676333909135213
T1,SOK_2020_04_2022_12,2022-03-01,RecursiveTabular,2022-06-01,52.30539754816378,17.15736198425293
T1,SOK_2020_04_2022_12,2022-03-01,DirectTabular,2022-06-01,52.30539754816378,8.305160522460938
T1,SOK_2020_04_2022_12,2022-03-01,ETS,2022-06-01,52.30539754816378,-55.67022955120494
T1,SOK_2020_04_2022_12,2022-03-01,Theta,2022-06-01,52.30539754816378,-59.948448181152344
T1,SOK_2020_04_2022_12,2022-03-01,Chronos2,2022-06-01,52.30539754816378,9.410110473632812
T1,SOK_2020_04_2022_12,2022-03-01,Toto2,2022-06-01,52.30539754816378,-3.2798216342926025
T1,SOK_2020_04_2022_12,2022-03-01,WeightedEnsemble,2022-06-01,52.30539754816378,15.812335864571644
T1,SOK_2020_04_2022_12,2022-03-01,sifir,2022-06-01,52.30539754816378,0.0
T1,SOK_2020_04_2022_12,2022-03-01,son12_ortalama,2022-06-01,52.30539754816378,7.03225815244426
T1,SOK_2020_04_2022_12,2022-04-01,SeasonalNaive,2022-07-01,20.249653394811894,13.4745169990887
T1,SOK_2020_04_2022_12,2022-04-01,RecursiveTabular,2022-07-01,20.249653394811894,11.034483909606934
T1,SOK_2020_04_2022_12,2022-04-01,DirectTabular,2022-07-01,20.249653394811894,16.976478576660156
T1,SOK_2020_04_2022_12,2022-04-01,ETS,2022-07-01,20.249653394811894,-15.516290983856223
T1,SOK_2020_04_2022_12,2022-04-01,Theta,2022-07-01,20.249653394811894,-20.326753616333008
T1,SOK_2020_04_2022_12,2022-04-01,Chronos2,2022-07-01,20.249653394811894,17.412128448486328
T1,SOK_2020_04_2022_12,2022-04-01,Toto2,2022-07-01,20.249653394811894,28.19196891784668
T1,SOK_2020_04_2022_12,2022-04-01,WeightedEnsemble,2022-07-01,20.249653394811894,20.650217265873163
T1,SOK_2020_04_2022_12,2022-04-01,sifir,2022-07-01,20.249653394811894,0.0
T1,SOK_2020_04_2022_12,2022-04-01,son12_ortalama,2022-07-01,20.249653394811894,5.207899294477617
T1,SOK_2020_04_2022_12,2022-05-01,SeasonalNaive,2022-08-01,-9.64886759745382,31.56739785908104
T1,SOK_2020_04_2022_12,2022-05-01,RecursiveTabular,2022-08-01,-9.64886759745382,30.77740478515625
T1,SOK_2020_04_2022_12,2022-05-01,DirectTabular,2022-08-01,-9.64886759745382,2.5375211238861084
T1,SOK_2020_04_2022_12,2022-05-01,ETS,2022-08-01,-9.64886759745382,32.473124446824464
T1,SOK_2020_04_2022_12,2022-05-01,Theta,2022-08-01,-9.64886759745382,27.679851531982422
T1,SOK_2020_04_2022_12,2022-05-01,Chronos2,2022-08-01,-9.64886759745382,11.00487232208252
T1,SOK_2020_04_2022_12,2022-05-01,Toto2,2022-08-01,-9.64886759745382,26.072057723999023
T1,SOK_2020_04_2022_12,2022-05-01,WeightedEnsemble,2022-08-01,-9.64886759745382,13.164248366932942
T1,SOK_2020_04_2022_12,2022-05-01,sifir,2022-08-01,-9.64886759745382,0.0
T1,SOK_2020_04_2022_12,2022-05-01,son12_ortalama,2022-08-01,-9.64886759745382,6.358066353296422
T1,SOK_2020_04_2022_12,2022-06-01,SeasonalNaive,2022-09-01,-36.240939917040905,22.772304773526542
T1,SOK_2020_04_2022_12,2022-06-01,RecursiveTabular,2022-09-01,-36.240939917040905,25.586811065673828
T1,SOK_2020_04_2022_12,2022-06-01,DirectTabular,2022-09-01,-36.240939917040905,11.780866622924805
T1,SOK_2020_04_2022_12,2022-06-01,ETS,2022-09-01,-36.240939917040905,52.30341432085365
T1,SOK_2020_04_2022_12,2022-06-01,Theta,2022-09-01,-36.240939917040905,48.04644775390625
T1,SOK_2020_04_2022_12,2022-06-01,Chronos2,2022-09-01,-36.240939917040905,-8.745444297790527
T1,SOK_2020_04_2022_12,2022-06-01,Toto2,2022-09-01,-36.240939917040905,20.3104190826416
T1,SOK_2020_04_2022_12,2022-06-01,WeightedEnsemble,2022-09-01,-36.240939917040905,5.058246042310577
T1,SOK_2020_04_2022_12,2022-06-01,sifir,2022-09-01,-36.240939917040905,0.0
T1,SOK_2020_04_2022_12,2022-06-01,son12_ortalama,2022-09-01,-36.240939917040905,9.16048832321547
T1,SOK_2020_04_2022_12,2022-07-01,SeasonalNaive,2022-10-01,-21.96055258675911,27.944221914701988
T1,SOK_2020_04_2022_12,2022-07-01,RecursiveTabular,2022-10-01,-21.96055258675911,32.90303039550781
T1,SOK_2020_04_2022_12,2022-07-01,DirectTabular,2022-10-01,-21.96055258675911,12.446211814880371
T1,SOK_2020_04_2022_12,2022-07-01,ETS,2022-10-01,-21.96055258675911,20.252858770904503
T1,SOK_2020_04_2022_12,2022-07-01,Theta,2022-10-01,-21.96055258675911,16.404022216796875
T1,SOK_2020_04_2022_12,2022-07-01,Chronos2,2022-10-01,-21.96055258675911,-14.085833549499512
T1,SOK_2020_04_2022_12,2022-07-01,Toto2,2022-10-01,-21.96055258675911,-34.72684097290039
T1,SOK_2020_04_2022_12,2022-07-01,WeightedEnsemble,2022-10-01,-21.96055258675911,14.280312192612799
T1,SOK_2020_04_2022_12,2022-07-01,sifir,2022-10-01,-21.96055258675911,0.0
T1,SOK_2020_04_2022_12,2022-07-01,son12_ortalama,2022-10-01,-21.96055258675911,9.725083022859073
T1,SOK_2020_04_2022_12,2022-08-01,SeasonalNaive,2022-11-01,-3.783463639868754,24.967485286315604
T1,SOK_2020_04_2022_12,2022-08-01,RecursiveTabular,2022-11-01,-3.783463639868754,28.677030563354492
T1,SOK_2020_04_2022_12,2022-08-01,DirectTabular,2022-11-01,-3.783463639868754,12.225326538085938
T1,SOK_2020_04_2022_12,2022-08-01,ETS,2022-11-01,-3.783463639868754,-9.64587742481698
T1,SOK_2020_04_2022_12,2022-08-01,Theta,2022-11-01,-3.783463639868754,-13.690389633178711
T1,SOK_2020_04_2022_12,2022-08-01,Chronos2,2022-11-01,-3.783463639868754,0.03897440433502197
T1,SOK_2020_04_2022_12,2022-08-01,Toto2,2022-11-01,-3.783463639868754,-25.866409301757812
T1,SOK_2020_04_2022_12,2022-08-01,WeightedEnsemble,2022-11-01,-3.783463639868754,0.03897440433502197
T1,SOK_2020_04_2022_12,2022-08-01,sifir,2022-11-01,-3.783463639868754,0.0
T1,SOK_2020_04_2022_12,2022-08-01,son12_ortalama,2022-11-01,-3.783463639868754,6.2903942348144986
T1,SOK_2020_04_2022_12,2022-09-01,SeasonalNaive,2022-12-01,28.77075430136385,24.406716659833776
T1,SOK_2020_04_2022_12,2022-09-01,RecursiveTabular,2022-12-01,28.77075430136385,24.79432487487793
T1,SOK_2020_04_2022_12,2022-09-01,DirectTabular,2022-12-01,28.77075430136385,0.6636788249015808
T1,SOK_2020_04_2022_12,2022-09-01,ETS,2022-12-01,28.77075430136385,-36.238280410791674
T1,SOK_2020_04_2022_12,2022-09-01,Theta,2022-12-01,28.77075430136385,-40.53221893310547
T1,SOK_2020_04_2022_12,2022-09-01,Chronos2,2022-12-01,28.77075430136385,5.470419883728027
T1,SOK_2020_04_2022_12,2022-09-01,Toto2,2022-12-01,28.77075430136385,0.9657347202301025
T1,SOK_2020_04_2022_12,2022-09-01,WeightedEnsemble,2022-12-01,28.77075430136385,2.4115846969864583
T1,SOK_2020_04_2022_12,2022-09-01,sifir,2022-12-01,28.77075430136385,0.0
T1,SOK_2020_04_2022_12,2022-09-01,son12_ortalama,2022-12-01,28.77075430136385,1.372623843933879
T1,SOK_2020_04_2022_12,2022-10-01,SeasonalNaive,2023-01-01,31.41910825559692,-2.7222109811672275
T1,SOK_2020_04_2022_12,2022-10-01,RecursiveTabular,2023-01-01,31.41910825559692,-4.399838924407959
T1,SOK_2020_04_2022_12,2022-10-01,DirectTabular,2023-01-01,31.41910825559692,2.8605501651763916
T1,SOK_2020_04_2022_12,2022-10-01,ETS,2023-01-01,31.41910825559692,-21.961980359541517
T1,SOK_2020_04_2022_12,2022-10-01,Theta,2023-01-01,31.41910825559692,-26.654874801635742
T1,SOK_2020_04_2022_12,2022-10-01,Chronos2,2023-01-01,31.41910825559692,12.166027069091797
T1,SOK_2020_04_2022_12,2022-10-01,Toto2,2023-01-01,31.41910825559692,18.843780517578125
T1,SOK_2020_04_2022_12,2022-10-01,WeightedEnsemble,2023-01-01,31.41910825559692,14.71411735133121
T1,SOK_2020_04_2022_12,2022-10-01,sifir,2023-01-01,31.41910825559692,0.0
T1,SOK_2020_04_2022_12,2022-10-01,son12_ortalama,2023-01-01,31.41910825559692,-2.786107364521213
T1,SOK_2020_04_2022_12,2022-11-01,SeasonalNaive,2023-02-01,20.151028644223192,-46.08443020014799
T1,SOK_2020_04_2022_12,2022-11-01,RecursiveTabular,2023-02-01,20.151028644223192,-46.93527603149414
T1,SOK_2020_04_2022_12,2022-11-01,DirectTabular,2023-02-01,20.151028644223192,-3.1173479557037354
T1,SOK_2020_04_2022_12,2022-11-01,ETS,2023-02-01,20.151028644223192,-3.7852814915407222
T1,SOK_2020_04_2022_12,2022-11-01,Theta,2023-02-01,20.151028644223192,-8.460176467895508
T1,SOK_2020_04_2022_12,2022-11-01,Chronos2,2023-02-01,20.151028644223192,-1.8543740510940552
T1,SOK_2020_04_2022_12,2022-11-01,Toto2,2023-02-01,20.151028644223192,8.49980640411377
T1,SOK_2020_04_2022_12,2022-11-01,WeightedEnsemble,2023-02-01,20.151028644223192,0.3247093799186368
T1,SOK_2020_04_2022_12,2022-11-01,sifir,2023-02-01,20.151028644223192,0.0
T1,SOK_2020_04_2022_12,2022-11-01,son12_ortalama,2023-02-01,20.151028644223192,-5.182019775036577
T1,SOK_2020_04_2022_12,2022-12-01,SeasonalNaive,2023-03-01,1.7719475821560873,-55.67118866070032
T1,SOK_2020_04_2022_12,2022-12-01,RecursiveTabular,2023-03-01,1.7719475821560873,-54.057289123535156
T1,SOK_2020_04_2022_12,2022-12-01,DirectTabular,2023-03-01,1.7719475821560873,-0.7224662899971008
T1,SOK_2020_04_2022_12,2022-12-01,ETS,2023-03-01,1.7719475821560873,28.767498697784553
T1,SOK_2020_04_2022_12,2022-12-01,Theta,2023-03-01,1.7719475821560873,24.072490692138672
T1,SOK_2020_04_2022_12,2022-12-01,Chronos2,2023-03-01,1.7719475821560873,-12.545146942138672
T1,SOK_2020_04_2022_12,2022-12-01,Toto2,2023-03-01,1.7719475821560873,7.122689723968506
T1,SOK_2020_04_2022_12,2022-12-01,WeightedEnsemble,2023-03-01,1.7719475821560873,-20.330366145454242
T1,SOK_2020_04_2022_12,2022-12-01,sifir,2023-03-01,1.7719475821560873,0.0
T1,SOK_2020_04_2022_12,2022-12-01,son12_ortalama,2023-03-01,1.7719475821560873,-4.818349971575738
T1,NORMAL_2023_01_2025_03,2023-01-01,SeasonalNaive,2023-04-01,-2.3825953558908384,-15.512275188419933
T1,NORMAL_2023_01_2025_03,2023-01-01,RecursiveTabular,2023-04-01,-2.3825953558908384,-11.827131271362305
T1,NORMAL_2023_01_2025_03,2023-01-01,DirectTabular,2023-04-01,-2.3825953558908384,0.9512168765068054
T1,NORMAL_2023_01_2025_03,2023-01-01,ETS,2023-04-01,-2.3825953558908384,31.41884309464114
T1,NORMAL_2023_01_2025_03,2023-01-01,Theta,2023-04-01,-2.3825953558908384,27.149005889892578
T1,NORMAL_2023_01_2025_03,2023-01-01,Chronos2,2023-04-01,-2.3825953558908384,-29.54319190979004
T1,NORMAL_2023_01_2025_03,2023-01-01,Toto2,2023-04-01,-2.3825953558908384,-0.9682018756866455
T1,NORMAL_2023_01_2025_03,2023-01-01,WeightedEnsemble,2023-04-01,-2.3825953558908384,-12.631463367111829
T1,NORMAL_2023_01_2025_03,2023-01-01,sifir,2023-04-01,-2.3825953558908384,0.0
T1,NORMAL_2023_01_2025_03,2023-01-01,son12_ortalama,2023-04-01,-2.3825953558908384,-1.9732400351787254
T1,NORMAL_2023_01_2025_03,2023-02-01,SeasonalNaive,2023-05-01,14.133222543787843,32.47792386830969
T1,NORMAL_2023_01_2025_03,2023-02-01,RecursiveTabular,2023-05-01,14.133222543787843,37.261531829833984
T1,NORMAL_2023_01_2025_03,2023-02-01,DirectTabular,2023-05-01,14.133222543787843,-4.018275737762451
T1,NORMAL_2023_01_2025_03,2023-02-01,ETS,2023-05-01,14.133222543787843,20.152155425668237
T1,NORMAL_2023_01_2025_03,2023-02-01,Theta,2023-05-01,14.133222543787843,16.06818389892578
T1,NORMAL_2023_01_2025_03,2023-02-01,Chronos2,2023-05-01,14.133222543787843,-21.087305068969727
T1,NORMAL_2023_01_2025_03,2023-02-01,Toto2,2023-05-01,14.133222543787843,-4.097203254699707
T1,NORMAL_2023_01_2025_03,2023-02-01,WeightedEnsemble,2023-05-01,14.133222543787843,-4.018275737762451
T1,NORMAL_2023_01_2025_03,2023-02-01,sifir,2023-05-01,14.133222543787843,0.0
T1,NORMAL_2023_01_2025_03,2023-02-01,son12_ortalama,2023-05-01,14.133222543787843,3.546381535185541
T1,NORMAL_2023_01_2025_03,2023-03-01,SeasonalNaive,2023-06-01,8.28717360196214,52.30539754816378
T1,NORMAL_2023_01_2025_03,2023-03-01,RecursiveTabular,2023-06-01,8.28717360196214,26.494518280029297
T1,NORMAL_2023_01_2025_03,2023-03-01,DirectTabular,2023-06-01,8.28717360196214,-34.587554931640625
T1,NORMAL_2023_01_2025_03,2023-03-01,ETS,2023-06-01,8.28717360196214,1.7737856029404426
T1,NORMAL_2023_01_2025_03,2023-03-01,Theta,2023-06-01,8.28717360196214,-2.2775495052337646
T1,NORMAL_2023_01_2025_03,2023-03-01,Chronos2,2023-06-01,8.28717360196214,-16.600849151611328
T1,NORMAL_2023_01_2025_03,2023-03-01,Toto2,2023-06-01,8.28717360196214,5.455735683441162
T1,NORMAL_2023_01_2025_03,2023-03-01,WeightedEnsemble,2023-06-01,8.28717360196214,-12.661555552482605
T1,NORMAL_2023_01_2025_03,2023-03-01,sifir,2023-06-01,8.28717360196214,0.0
T1,NORMAL_2023_01_2025_03,2023-03-01,son12_ortalama,2023-06-01,8.28717360196214,8.333309555423574
T1,NORMAL_2023_01_2025_03,2023-04-01,SeasonalNaive,2023-07-01,-2.7520384522287724,20.249653394811894
T1,NORMAL_2023_01_2025_03,2023-04-01,RecursiveTabular,2023-07-01,-2.7520384522287724,21.60780143737793
T1,NORMAL_2023_01_2025_03,2023-04-01,DirectTabular,2023-07-01,-2.7520384522287724,13.565876960754395
T1,NORMAL_2023_01_2025_03,2023-04-01,ETS,2023-07-01,-2.7520384522287724,-2.382179717794955
T1,NORMAL_2023_01_2025_03,2023-04-01,Theta,2023-07-01,-2.7520384522287724,-6.5594987869262695
T1,NORMAL_2023_01_2025_03,2023-04-01,Chronos2,2023-07-01,-2.7520384522287724,-1.8913198709487915
T1,NORMAL_2023_01_2025_03,2023-04-01,Toto2,2023-07-01,-2.7520384522287724,2.666370153427124
T1,NORMAL_2023_01_2025_03,2023-04-01,WeightedEnsemble,2023-07-01,-2.7520384522287724,2.441299041848124
T1,NORMAL_2023_01_2025_03,2023-04-01,sifir,2023-07-01,-2.7520384522287724,0.0
T1,NORMAL_2023_01_2025_03,2023-04-01,son12_ortalama,2023-07-01,-2.7520384522287724,9.427449541467665
T1,NORMAL_2023_01_2025_03,2023-05-01,SeasonalNaive,2023-08-01,-25.38770344207784,-9.64886759745382
T1,NORMAL_2023_01_2025_03,2023-05-01,RecursiveTabular,2023-08-01,-25.38770344207784,-6.57311487197876
T1,NORMAL_2023_01_2025_03,2023-05-01,DirectTabular,2023-08-01,-25.38770344207784,-1.6652889251708984
T1,NORMAL_2023_01_2025_03,2023-05-01,ETS,2023-08-01,-25.38770344207784,14.131571003561682
T1,NORMAL_2023_01_2025_03,2023-05-01,Theta,2023-08-01,-25.38770344207784,9.828056335449219
T1,NORMAL_2023_01_2025_03,2023-05-01,Chronos2,2023-08-01,-25.38770344207784,0.2075819969177246
T1,NORMAL_2023_01_2025_03,2023-05-01,Toto2,2023-08-01,-25.38770344207784,16.88083839416504
T1,NORMAL_2023_01_2025_03,2023-05-01,WeightedEnsemble,2023-08-01,-25.38770344207784,10.140355802601068
T1,NORMAL_2023_01_2025_03,2023-05-01,sifir,2023-08-01,-25.38770344207784,0.0
T1,NORMAL_2023_01_2025_03,2023-05-01,son12_ortalama,2023-08-01,-25.38770344207784,7.898724431090844
T1,NORMAL_2023_01_2025_03,2023-06-01,SeasonalNaive,2023-09-01,-24.761168053465592,-36.240939917040905
T1,NORMAL_2023_01_2025_03,2023-06-01,RecursiveTabular,2023-09-01,-24.761168053465592,-51.77613830566406
T1,NORMAL_2023_01_2025_03,2023-06-01,DirectTabular,2023-09-01,-24.761168053465592,14.748507499694824
T1,NORMAL_2023_01_2025_03,2023-06-01,ETS,2023-09-01,-24.761168053465592,8.2877580417023
T1,NORMAL_2023_01_2025_03,2023-06-01,Theta,2023-09-01,-24.761168053465592,4.23517370223999
T1,NORMAL_2023_01_2025_03,2023-06-01,Chronos2,2023-09-01,-24.761168053465592,-1.014045000076294
T1,NORMAL_2023_01_2025_03,2023-06-01,Toto2,2023-09-01,-24.761168053465592,-4.607693672180176
T1,NORMAL_2023_01_2025_03,2023-06-01,WeightedEnsemble,2023-09-01,-24.761168053465592,-4.615632485273404
T1,NORMAL_2023_01_2025_03,2023-06-01,sifir,2023-09-01,-24.761168053465592,0.0
T1,NORMAL_2023_01_2025_03,2023-06-01,son12_ortalama,2023-09-01,-24.761168053465592,4.230539102240708
T1,NORMAL_2023_01_2025_03,2023-07-01,SeasonalNaive,2023-10-01,-24.937052677846825,-21.96055258675911
T1,NORMAL_2023_01_2025_03,2023-07-01,RecursiveTabular,2023-10-01,-24.937052677846825,-26.883373260498047
T1,NORMAL_2023_01_2025_03,2023-07-01,DirectTabular,2023-10-01,-24.937052677846825,2.7286336421966553
T1,NORMAL_2023_01_2025_03,2023-07-01,ETS,2023-10-01,-24.937052677846825,-2.7509344725793774
T1,NORMAL_2023_01_2025_03,2023-07-01,Theta,2023-10-01,-24.937052677846825,-6.762137413024902
T1,NORMAL_2023_01_2025_03,2023-07-01,Chronos2,2023-10-01,-24.937052677846825,-10.819138526916504
T1,NORMAL_2023_01_2025_03,2023-07-01,Toto2,2023-10-01,-24.937052677846825,-6.923853397369385
T1,NORMAL_2023_01_2025_03,2023-07-01,WeightedEnsemble,2023-10-01,-24.937052677846825,-12.845347183494777
T1,NORMAL_2023_01_2025_03,2023-07-01,sifir,2023-10-01,-24.937052677846825,0.0
T1,NORMAL_2023_01_2025_03,2023-07-01,son12_ortalama,2023-10-01,-24.937052677846825,2.313731448320652
T1,NORMAL_2023_01_2025_03,2023-08-01,SeasonalNaive,2023-11-01,-21.294534475816985,-3.783463639868754
T1,NORMAL_2023_01_2025_03,2023-08-01,RecursiveTabular,2023-11-01,-21.294534475816985,-11.097569465637207
T1,NORMAL_2023_01_2025_03,2023-08-01,DirectTabular,2023-11-01,-21.294534475816985,2.15818452835083
T1,NORMAL_2023_01_2025_03,2023-08-01,ETS,2023-11-01,-21.294534475816985,-25.385439765180884
T1,NORMAL_2023_01_2025_03,2023-08-01,Theta,2023-11-01,-21.294534475816985,-29.393430709838867
T1,NORMAL_2023_01_2025_03,2023-08-01,Chronos2,2023-11-01,-21.294534475816985,0.09455633163452148
T1,NORMAL_2023_01_2025_03,2023-08-01,Toto2,2023-11-01,-21.294534475816985,-5.532744407653809
T1,NORMAL_2023_01_2025_03,2023-08-01,WeightedEnsemble,2023-11-01,-21.294534475816985,0.39550211528937024
T1,NORMAL_2023_01_2025_03,2023-08-01,sifir,2023-11-01,-21.294534475816985,0.0
T1,NORMAL_2023_01_2025_03,2023-08-01,son12_ortalama,2023-11-01,-21.294534475816985,1.0021617946019843
T1,NORMAL_2023_01_2025_03,2023-09-01,SeasonalNaive,2023-12-01,-9.208524556168657,28.77075430136385
T1,NORMAL_2023_01_2025_03,2023-09-01,RecursiveTabular,2023-12-01,-9.208524556168657,30.54412269592285
T1,NORMAL_2023_01_2025_03,2023-09-01,DirectTabular,2023-12-01,-9.208524556168657,2.1743600368499756
T1,NORMAL_2023_01_2025_03,2023-09-01,ETS,2023-12-01,-9.208524556168657,-24.761230480636765
T1,NORMAL_2023_01_2025_03,2023-09-01,Theta,2023-12-01,-9.208524556168657,-29.015316009521484
T1,NORMAL_2023_01_2025_03,2023-09-01,Chronos2,2023-12-01,-9.208524556168657,6.399893760681152
T1,NORMAL_2023_01_2025_03,2023-09-01,Toto2,2023-12-01,-9.208524556168657,10.550454139709473
T1,NORMAL_2023_01_2025_03,2023-09-01,WeightedEnsemble,2023-12-01,-9.208524556168657,26.34585289556898
T1,NORMAL_2023_01_2025_03,2023-09-01,sifir,2023-12-01,-9.208524556168657,0.0
T1,NORMAL_2023_01_2025_03,2023-09-01,son12_ortalama,2023-12-01,-9.208524556168657,1.9588094498999278
T1,NORMAL_2023_01_2025_03,2023-10-01,SeasonalNaive,2024-01-01,3.944788622088225,31.41910825559692
T1,NORMAL_2023_01_2025_03,2023-10-01,RecursiveTabular,2024-01-01,3.944788622088225,16.937030792236328
T1,NORMAL_2023_01_2025_03,2023-10-01,DirectTabular,2024-01-01,3.944788622088225,2.1451058387756348
T1,NORMAL_2023_01_2025_03,2023-10-01,ETS,2024-01-01,3.944788622088225,-24.937035095627103
T1,NORMAL_2023_01_2025_03,2023-10-01,Theta,2024-01-01,3.944788622088225,-29.199981689453125
T1,NORMAL_2023_01_2025_03,2023-10-01,Chronos2,2024-01-01,3.944788622088225,6.704403877258301
T1,NORMAL_2023_01_2025_03,2023-10-01,Toto2,2024-01-01,3.944788622088225,2.0642690658569336
T1,NORMAL_2023_01_2025_03,2023-10-01,WeightedEnsemble,2024-01-01,3.944788622088225,16.647100942301783
T1,NORMAL_2023_01_2025_03,2023-10-01,sifir,2024-01-01,3.944788622088225,0.0
T1,NORMAL_2023_01_2025_03,2023-10-01,son12_ortalama,2024-01-01,3.944788622088225,1.7107677756426176
T1,NORMAL_2023_01_2025_03,2023-11-01,SeasonalNaive,2024-02-01,18.502167166496765,20.151028644223192
T1,NORMAL_2023_01_2025_03,2023-11-01,RecursiveTabular,2024-02-01,18.502167166496765,2.166563034057617
T1,NORMAL_2023_01_2025_03,2023-11-01,DirectTabular,2024-02-01,18.502167166496765,2.337134599685669
T1,NORMAL_2023_01_2025_03,2023-11-01,ETS,2024-02-01,18.502167166496765,-21.294898725878966
T1,NORMAL_2023_01_2025_03,2023-11-01,Theta,2024-02-01,18.502167166496765,-25.593502044677734
T1,NORMAL_2023_01_2025_03,2023-11-01,Chronos2,2024-02-01,18.502167166496765,4.238025188446045
T1,NORMAL_2023_01_2025_03,2023-11-01,Toto2,2024-02-01,18.502167166496765,4.616992950439453
T1,NORMAL_2023_01_2025_03,2023-11-01,WeightedEnsemble,2024-02-01,18.502167166496765,-17.33879485029539
T1,NORMAL_2023_01_2025_03,2023-11-01,sifir,2024-02-01,18.502167166496765,0.0
T1,NORMAL_2023_01_2025_03,2023-11-01,son12_ortalama,2024-02-01,18.502167166496765,0.25151187264693203
T1,NORMAL_2023_01_2025_03,2023-12-01,SeasonalNaive,2024-03-01,14.808234910108492,1.7719475821560873
T1,NORMAL_2023_01_2025_03,2023-12-01,RecursiveTabular,2024-03-01,14.808234910108492,-14.80411148071289
T1,NORMAL_2023_01_2025_03,2023-12-01,DirectTabular,2024-03-01,14.808234910108492,2.782479763031006
T1,NORMAL_2023_01_2025_03,2023-12-01,ETS,2024-03-01,14.808234910108492,-9.209733193585631
T1,NORMAL_2023_01_2025_03,2023-12-01,Theta,2024-03-01,14.808234910108492,-13.560186386108398
T1,NORMAL_2023_01_2025_03,2023-12-01,Chronos2,2024-03-01,14.808234910108492,6.4370598793029785
T1,NORMAL_2023_01_2025_03,2023-12-01,Toto2,2024-03-01,14.808234910108492,6.287470817565918
T1,NORMAL_2023_01_2025_03,2023-12-01,WeightedEnsemble,2024-03-01,14.808234910108492,-1.4653609801770449
T1,NORMAL_2023_01_2025_03,2023-12-01,sifir,2024-03-01,14.808234910108492,0.0
T1,NORMAL_2023_01_2025_03,2023-12-01,son12_ortalama,2024-03-01,14.808234910108492,-2.913428032147444
T1,NORMAL_2023_01_2025_03,2024-01-01,SeasonalNaive,2024-04-01,8.437620324379505,-2.3825953558908384
T1,NORMAL_2023_01_2025_03,2024-01-01,RecursiveTabular,2024-04-01,8.437620324379505,-3.303271770477295
T1,NORMAL_2023_01_2025_03,2024-01-01,DirectTabular,2024-04-01,8.437620324379505,6.20260763168335
T1,NORMAL_2023_01_2025_03,2024-01-01,ETS,2024-04-01,8.437620324379505,3.943473169906655
T1,NORMAL_2023_01_2025_03,2024-01-01,Theta,2024-04-01,8.437620324379505,-0.3627369701862335
T1,NORMAL_2023_01_2025_03,2024-01-01,Chronos2,2024-04-01,8.437620324379505,4.79541015625
T1,NORMAL_2023_01_2025_03,2024-01-01,Toto2,2024-04-01,8.437620324379505,8.959662437438965
T1,NORMAL_2023_01_2025_03,2024-01-01,WeightedEnsemble,2024-04-01,8.437620324379505,7.8769568252563475
T1,NORMAL_2023_01_2025_03,2024-01-01,sifir,2024-04-01,8.437620324379505,0.0
T1,NORMAL_2023_01_2025_03,2024-01-01,son12_ortalama,2024-04-01,8.437620324379505,-5.202954668273168
T1,NORMAL_2023_01_2025_03,2024-02-01,SeasonalNaive,2024-05-01,1.7542045779339082,14.133222543787843
T1,NORMAL_2023_01_2025_03,2024-02-01,RecursiveTabular,2024-05-01,1.7542045779339082,14.567368507385254
T1,NORMAL_2023_01_2025_03,2024-02-01,DirectTabular,2024-05-01,1.7542045779339082,1.3075000047683716
T1,NORMAL_2023_01_2025_03,2024-02-01,ETS,2024-05-01,1.7542045779339082,18.500711297097105
T1,NORMAL_2023_01_2025_03,2024-02-01,Theta,2024-05-01,1.7542045779339082,14.259138107299805
T1,NORMAL_2023_01_2025_03,2024-02-01,Chronos2,2024-05-01,1.7542045779339082,-2.5019454956054688
T1,NORMAL_2023_01_2025_03,2024-02-01,Toto2,2024-05-01,1.7542045779339082,12.56560230255127
T1,NORMAL_2023_01_2025_03,2024-02-01,WeightedEnsemble,2024-05-01,1.7542045779339082,12.469067023772944
T1,NORMAL_2023_01_2025_03,2024-02-01,sifir,2024-05-01,1.7542045779339082,0.0
T1,NORMAL_2023_01_2025_03,2024-02-01,son12_ortalama,2024-05-01,1.7542045779339082,-5.340359791417037
T1,NORMAL_2023_01_2025_03,2024-03-01,SeasonalNaive,2024-06-01,-8.974744432748658,8.28717360196214
T1,NORMAL_2023_01_2025_03,2024-03-01,RecursiveTabular,2024-06-01,-8.974744432748658,21.67753791809082
T1,NORMAL_2023_01_2025_03,2024-03-01,DirectTabular,2024-06-01,-8.974744432748658,0.2003317028284073
T1,NORMAL_2023_01_2025_03,2024-03-01,ETS,2024-06-01,-8.974744432748658,14.808604157747192
T1,NORMAL_2023_01_2025_03,2024-03-01,Theta,2024-06-01,-8.974744432748658,10.79873275756836
T1,NORMAL_2023_01_2025_03,2024-03-01,Chronos2,2024-06-01,-8.974744432748658,-13.30909252166748
T1,NORMAL_2023_01_2025_03,2024-03-01,Toto2,2024-06-01,-8.974744432748658,1.020522952079773
T1,NORMAL_2023_01_2025_03,2024-03-01,WeightedEnsemble,2024-06-01,-8.974744432748658,-7.367966615928794
T1,NORMAL_2023_01_2025_03,2024-03-01,sifir,2024-06-01,-8.974744432748658,0.0
T1,NORMAL_2023_01_2025_03,2024-03-01,son12_ortalama,2024-06-01,-8.974744432748658,-4.25400251408767
T1,NORMAL_2023_01_2025_03,2024-04-01,SeasonalNaive,2024-07-01,-1.3844522349381303,-2.7520384522287724
T1,NORMAL_2023_01_2025_03,2024-04-01,RecursiveTabular,2024-07-01,-1.3844522349381303,28.22087287902832
T1,NORMAL_2023_01_2025_03,2024-04-01,DirectTabular,2024-07-01,-1.3844522349381303,1.4130655527114868
T1,NORMAL_2023_01_2025_03,2024-04-01,ETS,2024-07-01,-1.3844522349381303,8.438257422762844
T1,NORMAL_2023_01_2025_03,2024-04-01,Theta,2024-07-01,-1.3844522349381303,4.487876892089844
T1,NORMAL_2023_01_2025_03,2024-04-01,Chronos2,2024-07-01,-1.3844522349381303,-6.737240791320801
T1,NORMAL_2023_01_2025_03,2024-04-01,Toto2,2024-07-01,-1.3844522349381303,-1.113167643547058
T1,NORMAL_2023_01_2025_03,2024-04-01,WeightedEnsemble,2024-07-01,-1.3844522349381303,-1.816176787018776
T1,NORMAL_2023_01_2025_03,2024-04-01,sifir,2024-07-01,-1.3844522349381303,0.0
T1,NORMAL_2023_01_2025_03,2024-04-01,son12_ortalama,2024-07-01,-1.3844522349381303,-3.352317874065142
T1,NORMAL_2023_01_2025_03,2024-05-01,SeasonalNaive,2024-08-01,-0.8024187595238806,-25.38770344207784
T1,NORMAL_2023_01_2025_03,2024-05-01,RecursiveTabular,2024-08-01,-0.8024187595238806,-53.29901123046875
T1,NORMAL_2023_01_2025_03,2024-05-01,DirectTabular,2024-08-01,-0.8024187595238806,-3.245960235595703
T1,NORMAL_2023_01_2025_03,2024-05-01,ETS,2024-08-01,-0.8024187595238806,1.7548729832183927
T1,NORMAL_2023_01_2025_03,2024-05-01,Theta,2024-08-01,-0.8024187595238806,-2.1738317012786865
T1,NORMAL_2023_01_2025_03,2024-05-01,Chronos2,2024-08-01,-0.8024187595238806,-5.350622177124023
T1,NORMAL_2023_01_2025_03,2024-05-01,Toto2,2024-08-01,-0.8024187595238806,4.035086631774902
T1,NORMAL_2023_01_2025_03,2024-05-01,WeightedEnsemble,2024-08-01,-0.8024187595238806,-9.485657828935366
T1,NORMAL_2023_01_2025_03,2024-05-01,sifir,2024-08-01,-0.8024187595238806,0.0
T1,NORMAL_2023_01_2025_03,2024-05-01,son12_ortalama,2024-08-01,-0.8024187595238806,-4.38390270455297
T1,NORMAL_2023_01_2025_03,2024-06-01,SeasonalNaive,2024-09-01,20.685966189053858,-24.761168053465592
T1,NORMAL_2023_01_2025_03,2024-06-01,RecursiveTabular,2024-09-01,20.685966189053858,-22.936067581176758
T1,NORMAL_2023_01_2025_03,2024-06-01,DirectTabular,2024-09-01,20.685966189053858,4.555294036865234
T1,NORMAL_2023_01_2025_03,2024-06-01,ETS,2024-09-01,20.685966189053858,-8.973671471007059
T1,NORMAL_2023_01_2025_03,2024-06-01,Theta,2024-09-01,20.685966189053858,-12.87244987487793
T1,NORMAL_2023_01_2025_03,2024-06-01,Chronos2,2024-09-01,20.685966189053858,-0.14186251163482666
T1,NORMAL_2023_01_2025_03,2024-06-01,Toto2,2024-09-01,20.685966189053858,4.268860816955566
T1,NORMAL_2023_01_2025_03,2024-06-01,WeightedEnsemble,2024-09-01,20.685966189053858,-1.6838236876896444
T1,NORMAL_2023_01_2025_03,2024-06-01,sifir,2024-09-01,20.685966189053858,0.0
T1,NORMAL_2023_01_2025_03,2024-06-01,son12_ortalama,2024-09-01,20.685966189053858,-5.822395874112203
T1,NORMAL_2023_01_2025_03,2024-07-01,SeasonalNaive,2024-10-01,17.08234144025041,-24.937052677846825
T1,NORMAL_2023_01_2025_03,2024-07-01,RecursiveTabular,2024-10-01,17.08234144025041,-25.245025634765625
T1,NORMAL_2023_01_2025_03,2024-07-01,DirectTabular,2024-10-01,17.08234144025041,2.7433841228485107
T1,NORMAL_2023_01_2025_03,2024-07-01,ETS,2024-10-01,17.08234144025041,-1.3852111568617396
T1,NORMAL_2023_01_2025_03,2024-07-01,Theta,2024-10-01,17.08234144025041,-5.430031776428223
T1,NORMAL_2023_01_2025_03,2024-07-01,Chronos2,2024-10-01,17.08234144025041,2.123053550720215
T1,NORMAL_2023_01_2025_03,2024-07-01,Toto2,2024-10-01,17.08234144025041,14.213170051574707
T1,NORMAL_2023_01_2025_03,2024-07-01,WeightedEnsemble,2024-10-01,17.08234144025041,4.893188285486478
T1,NORMAL_2023_01_2025_03,2024-07-01,sifir,2024-10-01,17.08234144025041,0.0
T1,NORMAL_2023_01_2025_03,2024-07-01,son12_ortalama,2024-10-01,17.08234144025041,-5.708430356004648
T1,NORMAL_2023_01_2025_03,2024-08-01,SeasonalNaive,2024-11-01,16.413579595458174,-21.294534475816985
T1,NORMAL_2023_01_2025_03,2024-08-01,RecursiveTabular,2024-11-01,16.413579595458174,-23.23736572265625
T1,NORMAL_2023_01_2025_03,2024-08-01,DirectTabular,2024-11-01,16.413579595458174,26.026456832885742
T1,NORMAL_2023_01_2025_03,2024-08-01,ETS,2024-11-01,16.413579595458174,-0.8024770387636145
T1,NORMAL_2023_01_2025_03,2024-08-01,Theta,2024-11-01,16.413579595458174,-4.751042366027832
T1,NORMAL_2023_01_2025_03,2024-08-01,Chronos2,2024-11-01,16.413579595458174,8.268417358398438
T1,NORMAL_2023_01_2025_03,2024-08-01,Toto2,2024-11-01,16.413579595458174,7.514285087585449
T1,NORMAL_2023_01_2025_03,2024-08-01,WeightedEnsemble,2024-11-01,16.413579595458174,13.639291800641054
T1,NORMAL_2023_01_2025_03,2024-08-01,sifir,2024-11-01,16.413579595458174,0.0
T1,NORMAL_2023_01_2025_03,2024-08-01,son12_ortalama,2024-11-01,16.413579595458174,-3.659656632458486
T1,NORMAL_2023_01_2025_03,2024-09-01,SeasonalNaive,2024-12-01,4.669708411962132,-9.208524556168657
T1,NORMAL_2023_01_2025_03,2024-09-01,RecursiveTabular,2024-12-01,4.669708411962132,1.0539684295654297
T1,NORMAL_2023_01_2025_03,2024-09-01,DirectTabular,2024-12-01,4.669708411962132,-4.40459680557251
T1,NORMAL_2023_01_2025_03,2024-09-01,ETS,2024-12-01,4.669708411962132,20.68381734473107
T1,NORMAL_2023_01_2025_03,2024-09-01,Theta,2024-12-01,4.669708411962132,16.586950302124023
T1,NORMAL_2023_01_2025_03,2024-09-01,Chronos2,2024-12-01,4.669708411962132,-3.480315685272217
T1,NORMAL_2023_01_2025_03,2024-09-01,Toto2,2024-12-01,4.669708411962132,11.446712493896484
T1,NORMAL_2023_01_2025_03,2024-09-01,WeightedEnsemble,2024-12-01,4.669708411962132,0.9330889789425596
T1,NORMAL_2023_01_2025_03,2024-09-01,sifir,2024-12-01,4.669708411962132,0.0
T1,NORMAL_2023_01_2025_03,2024-09-01,son12_ortalama,2024-12-01,4.669708411962132,0.12760455441813492
T1,NORMAL_2023_01_2025_03,2024-10-01,SeasonalNaive,2025-01-01,-5.136694267373928,3.944788622088225
T1,NORMAL_2023_01_2025_03,2024-10-01,RecursiveTabular,2025-01-01,-5.136694267373928,5.346339225769043
T1,NORMAL_2023_01_2025_03,2024-10-01,DirectTabular,2025-01-01,-5.136694267373928,0.8065392374992371
T1,NORMAL_2023_01_2025_03,2024-10-01,ETS,2025-01-01,-5.136694267373928,17.08270158784086
T1,NORMAL_2023_01_2025_03,2024-10-01,Theta,2025-01-01,-5.136694267373928,13.276620864868164
T1,NORMAL_2023_01_2025_03,2024-10-01,Chronos2,2025-01-01,-5.136694267373928,-12.664427757263184
T1,NORMAL_2023_01_2025_03,2024-10-01,Toto2,2025-01-01,-5.136694267373928,0.5535070300102234
T1,NORMAL_2023_01_2025_03,2024-10-01,WeightedEnsemble,2025-01-01,-5.136694267373928,0.5535070300102234
T1,NORMAL_2023_01_2025_03,2024-10-01,sifir,2025-01-01,-5.136694267373928,0.0
T1,NORMAL_2023_01_2025_03,2024-10-01,son12_ortalama,2025-01-01,-5.136694267373928,3.6292207309262374
T1,NORMAL_2023_01_2025_03,2024-11-01,SeasonalNaive,2025-02-01,-12.040738564332296,18.502167166496765
T1,NORMAL_2023_01_2025_03,2024-11-01,RecursiveTabular,2025-02-01,-12.040738564332296,-17.663799285888672
T1,NORMAL_2023_01_2025_03,2024-11-01,DirectTabular,2025-02-01,-12.040738564332296,-0.03361978754401207
T1,NORMAL_2023_01_2025_03,2024-11-01,ETS,2025-02-01,-12.040738564332296,16.41364650765741
T1,NORMAL_2023_01_2025_03,2024-11-01,Theta,2025-02-01,-12.040738564332296,12.626996994018555
T1,NORMAL_2023_01_2025_03,2024-11-01,Chronos2,2025-02-01,-12.040738564332296,-17.449615478515625
T1,NORMAL_2023_01_2025_03,2024-11-01,Toto2,2025-02-01,-12.040738564332296,-0.1138695478439331
T1,NORMAL_2023_01_2025_03,2024-11-01,WeightedEnsemble,2025-02-01,-12.040738564332296,-17.449615478515625
T1,NORMAL_2023_01_2025_03,2024-11-01,sifir,2025-02-01,-12.040738564332296,0.0
T1,NORMAL_2023_01_2025_03,2024-11-01,son12_ortalama,2025-02-01,-12.040738564332296,6.771563570199167
T1,NORMAL_2023_01_2025_03,2024-12-01,SeasonalNaive,2025-03-01,-19.8439275880849,14.808234910108492
T1,NORMAL_2023_01_2025_03,2024-12-01,RecursiveTabular,2025-03-01,-19.8439275880849,-33.07133102416992
T1,NORMAL_2023_01_2025_03,2024-12-01,DirectTabular,2025-03-01,-19.8439275880849,-0.1560177505016327
T1,NORMAL_2023_01_2025_03,2024-12-01,ETS,2025-03-01,-19.8439275880849,4.670882805771704
T1,NORMAL_2023_01_2025_03,2024-12-01,Theta,2025-03-01,-19.8439275880849,0.9973310828208923
T1,NORMAL_2023_01_2025_03,2024-12-01,Chronos2,2025-03-01,-19.8439275880849,-16.226131439208984
T1,NORMAL_2023_01_2025_03,2024-12-01,Toto2,2025-03-01,-19.8439275880849,-2.9946417808532715
T1,NORMAL_2023_01_2025_03,2024-12-01,WeightedEnsemble,2025-03-01,-19.8439275880849,-6.689630959301135
T1,NORMAL_2023_01_2025_03,2024-12-01,sifir,2025-03-01,-19.8439275880849,0.0
T1,NORMAL_2023_01_2025_03,2024-12-01,son12_ortalama,2025-03-01,-19.8439275880849,7.928082984210068
T1,NORMAL_2023_01_2025_03,2025-01-01,SeasonalNaive,2025-04-01,-7.560802892465666,8.437620324379505
T1,NORMAL_2023_01_2025_03,2025-01-01,RecursiveTabular,2025-04-01,-7.560802892465666,-11.250555038452148
T1,NORMAL_2023_01_2025_03,2025-01-01,DirectTabular,2025-04-01,-7.560802892465666,-0.26355528831481934
T1,NORMAL_2023_01_2025_03,2025-01-01,ETS,2025-04-01,-7.560802892465666,-5.135713509666612
T1,NORMAL_2023_01_2025_03,2025-01-01,Theta,2025-04-01,-7.560802892465666,-8.83126163482666
T1,NORMAL_2023_01_2025_03,2025-01-01,Chronos2,2025-04-01,-7.560802892465666,-8.88036060333252
T1,NORMAL_2023_01_2025_03,2025-01-01,Toto2,2025-04-01,-7.560802892465666,-4.014840126037598
T1,NORMAL_2023_01_2025_03,2025-01-01,WeightedEnsemble,2025-04-01,-7.560802892465666,-4.8298131615928055
T1,NORMAL_2023_01_2025_03,2025-01-01,sifir,2025-04-01,-7.560802892465666,0.0
T1,NORMAL_2023_01_2025_03,2025-01-01,son12_ortalama,2025-04-01,-7.560802892465666,7.171292743421554
T1,NORMAL_2023_01_2025_03,2025-02-01,SeasonalNaive,2025-05-01,5.528626487670866,1.7542045779339082
T1,NORMAL_2023_01_2025_03,2025-02-01,RecursiveTabular,2025-05-01,5.528626487670866,-14.468171119689941
T1,NORMAL_2023_01_2025_03,2025-02-01,DirectTabular,2025-05-01,5.528626487670866,21.87887191772461
T1,NORMAL_2023_01_2025_03,2025-02-01,ETS,2025-05-01,5.528626487670866,-12.040048061826827
T1,NORMAL_2023_01_2025_03,2025-02-01,Theta,2025-05-01,5.528626487670866,-15.76938247680664
T1,NORMAL_2023_01_2025_03,2025-02-01,Chronos2,2025-05-01,5.528626487670866,-1.9652849435806274
T1,NORMAL_2023_01_2025_03,2025-02-01,Toto2,2025-05-01,5.528626487670866,-5.285006999969482
T1,NORMAL_2023_01_2025_03,2025-02-01,WeightedEnsemble,2025-05-01,5.528626487670866,-3.388023052896772
T1,NORMAL_2023_01_2025_03,2025-02-01,sifir,2025-05-01,5.528626487670866,0.0
T1,NORMAL_2023_01_2025_03,2025-02-01,son12_ortalama,2025-05-01,5.528626487670866,4.6260505991858
T1,NORMAL_2023_01_2025_03,2025-03-01,SeasonalNaive,2025-06-01,12.821982748855913,-8.974744432748658
T1,NORMAL_2023_01_2025_03,2025-03-01,RecursiveTabular,2025-06-01,12.821982748855913,-9.9898099899292
T1,NORMAL_2023_01_2025_03,2025-03-01,DirectTabular,2025-06-01,12.821982748855913,5.661532402038574
T1,NORMAL_2023_01_2025_03,2025-03-01,ETS,2025-06-01,12.821982748855913,-19.84314720013227
T1,NORMAL_2023_01_2025_03,2025-03-01,Theta,2025-06-01,12.821982748855913,-23.579208374023438
T1,NORMAL_2023_01_2025_03,2025-03-01,Chronos2,2025-06-01,12.821982748855913,2.281376600265503
T1,NORMAL_2023_01_2025_03,2025-03-01,Toto2,2025-06-01,12.821982748855913,-0.9326454401016235
T1,NORMAL_2023_01_2025_03,2025-03-01,WeightedEnsemble,2025-06-01,12.821982748855913,1.9242631726794772
T1,NORMAL_2023_01_2025_03,2025-03-01,sifir,2025-06-01,12.821982748855913,0.0
T1,NORMAL_2023_01_2025_03,2025-03-01,son12_ortalama,2025-06-01,12.821982748855913,1.7383703910030166
