kol,rejim,blok,origin,model,hedef_ay,y_true,y_pred_q50
T0,SOK,SELECT,2020-02-01,SeasonalNaive,2020-03-01,-19.716800199477632,19.550627831690264
T0,SOK,SELECT,2020-02-01,RecursiveTabular,2020-03-01,-19.716800199477632,25.4017391204834
T0,SOK,SELECT,2020-02-01,DirectTabular,2020-03-01,-19.716800199477632,2.1973824501037598
T0,SOK,SELECT,2020-02-01,ETS,2020-03-01,-19.716800199477632,1.284315889018015
T0,SOK,SELECT,2020-02-01,Theta,2020-03-01,-19.716800199477632,2.8567070960998535
T0,SOK,SELECT,2020-02-01,Chronos2,2020-03-01,-19.716800199477632,-1.0242233276367188
T0,SOK,SELECT,2020-02-01,Toto2,2020-03-01,-19.716800199477632,0.4245193600654602
T0,SOK,SELECT,2020-02-01,WeightedEnsemble,2020-03-01,-19.716800199477632,1.284315889018015
T0,SOK,SELECT,2020-02-01,sifir,2020-03-01,-19.716800199477632,0.0
T0,SOK,SELECT,2020-02-01,naive,2020-03-01,-19.716800199477632,-2.814683920368756
T0,SOK,SELECT,2020-02-01,mevsimsel_naive,2020-03-01,-19.716800199477632,19.550627831690264
T0,SOK,SELECT,2020-02-01,son12_ortalama,2020-03-01,-19.716800199477632,4.059560239017949
T0,SOK,SELECT,2020-03-01,SeasonalNaive,2020-04-01,-77.18045079689757,2.4962075247900883
T0,SOK,SELECT,2020-03-01,RecursiveTabular,2020-04-01,-77.18045079689757,6.316833019256592
T0,SOK,SELECT,2020-03-01,DirectTabular,2020-04-01,-77.18045079689757,1.482555627822876
T0,SOK,SELECT,2020-03-01,ETS,2020-04-01,-77.18045079689757,0.46736191758239887
T0,SOK,SELECT,2020-03-01,Theta,2020-04-01,-77.18045079689757,-0.08545650541782379
T0,SOK,SELECT,2020-03-01,Chronos2,2020-04-01,-77.18045079689757,5.286438465118408
T0,SOK,SELECT,2020-03-01,Toto2,2020-04-01,-77.18045079689757,0.17424380779266357
T0,SOK,SELECT,2020-03-01,WeightedEnsemble,2020-04-01,-77.18045079689757,5.286438465118408
T0,SOK,SELECT,2020-03-01,sifir,2020-04-01,-77.18045079689757,0.0
T0,SOK,SELECT,2020-03-01,naive,2020-04-01,-77.18045079689757,-19.716800199477632
T0,SOK,SELECT,2020-03-01,mevsimsel_naive,2020-04-01,-77.18045079689757,2.4962075247900883
T0,SOK,SELECT,2020-03-01,son12_ortalama,2020-04-01,-77.18045079689757,0.7872745697539578
T0,SOK,SELECT,2020-04-01,SeasonalNaive,2020-05-01,49.80176895789852,10.175355107053967
T0,SOK,SELECT,2020-04-01,RecursiveTabular,2020-05-01,49.80176895789852,12.197011947631836
T0,SOK,SELECT,2020-04-01,DirectTabular,2020-05-01,49.80176895789852,1.542937994003296
T0,SOK,SELECT,2020-04-01,ETS,2020-05-01,49.80176895789852,-2.439944268281161
T0,SOK,SELECT,2020-04-01,Theta,2020-05-01,49.80176895789852,-10.143741607666016
T0,SOK,SELECT,2020-04-01,Chronos2,2020-05-01,49.80176895789852,-17.835391998291016
T0,SOK,SELECT,2020-04-01,Toto2,2020-05-01,49.80176895789852,-21.837583541870117
T0,SOK,SELECT,2020-04-01,WeightedEnsemble,2020-05-01,49.80176895789852,-10.143741607666016
T0,SOK,SELECT,2020-04-01,sifir,2020-05-01,49.80176895789852,0.0
T0,SOK,SELECT,2020-04-01,naive,2020-05-01,49.80176895789852,-77.18045079689757
T0,SOK,SELECT,2020-04-01,mevsimsel_naive,2020-05-01,49.80176895789852,10.175355107053967
T0,SOK,SELECT,2020-04-01,son12_ortalama,2020-05-01,49.80176895789852,-5.852446957053348
T0,SOK,SELECT,2020-05-01,SeasonalNaive,2020-06-01,70.59594255098482,-25.943088968283305
T0,SOK,SELECT,2020-05-01,RecursiveTabular,2020-06-01,70.59594255098482,-20.75942039489746
T0,SOK,SELECT,2020-05-01,DirectTabular,2020-06-01,70.59594255098482,0.5041344165802002
T0,SOK,SELECT,2020-05-01,ETS,2020-06-01,70.59594255098482,-0.5693113926279209
T0,SOK,SELECT,2020-05-01,Theta,2020-06-01,70.59594255098482,-2.1544392108917236
T0,SOK,SELECT,2020-05-01,Chronos2,2020-06-01,70.59594255098482,-3.7262351512908936
T0,SOK,SELECT,2020-05-01,Toto2,2020-06-01,70.59594255098482,-10.433293342590332
T0,SOK,SELECT,2020-05-01,WeightedEnsemble,2020-06-01,70.59594255098482,-20.75942039489746
T0,SOK,SELECT,2020-05-01,sifir,2020-06-01,70.59594255098482,0.0
T0,SOK,SELECT,2020-05-01,naive,2020-06-01,70.59594255098482,49.80176895789852
T0,SOK,SELECT,2020-05-01,mevsimsel_naive,2020-06-01,70.59594255098482,-25.943088968283305
T0,SOK,SELECT,2020-05-01,son12_ortalama,2020-06-01,70.59594255098482,-2.5502458028163013
T0,SOK,SELECT,2020-06-01,SeasonalNaive,2020-07-01,-6.925663201609406,25.626596932305613
T0,SOK,SELECT,2020-06-01,RecursiveTabular,2020-07-01,-6.925663201609406,27.322057723999023
T0,SOK,SELECT,2020-06-01,DirectTabular,2020-07-01,-6.925663201609406,-2.7238714694976807
T0,SOK,SELECT,2020-06-01,ETS,2020-07-01,-6.925663201609406,1.917405015794088
T0,SOK,SELECT,2020-06-01,Theta,2020-07-01,-6.925663201609406,7.666126251220703
T0,SOK,SELECT,2020-06-01,Chronos2,2020-07-01,-6.925663201609406,13.261946678161621
T0,SOK,SELECT,2020-06-01,Toto2,2020-07-01,-6.925663201609406,10.753110885620117
T0,SOK,SELECT,2020-06-01,WeightedEnsemble,2020-07-01,-6.925663201609406,1.917405015794088
T0,SOK,SELECT,2020-06-01,sifir,2020-07-01,-6.925663201609406,0.0
T0,SOK,SELECT,2020-06-01,naive,2020-07-01,-6.925663201609406,70.59594255098482
T0,SOK,SELECT,2020-06-01,mevsimsel_naive,2020-07-01,-6.925663201609406,25.626596932305613
T0,SOK,SELECT,2020-06-01,son12_ortalama,2020-07-01,-6.925663201609406,5.494673490456042
T0,SOK,SELECT,2020-07-01,SeasonalNaive,2020-08-01,-20.22095299059261,-15.104299200425844
T0,SOK,SELECT,2020-07-01,RecursiveTabular,2020-08-01,-20.22095299059261,-17.75910758972168
T0,SOK,SELECT,2020-07-01,DirectTabular,2020-08-01,-20.22095299059261,-0.5391477942466736
T0,SOK,SELECT,2020-07-01,ETS,2020-08-01,-20.22095299059261,1.582576074740409
T0,SOK,SELECT,2020-07-01,Theta,2020-08-01,-20.22095299059261,6.096525192260742
T0,SOK,SELECT,2020-07-01,Chronos2,2020-08-01,-20.22095299059261,1.2782670259475708
T0,SOK,SELECT,2020-07-01,Toto2,2020-08-01,-20.22095299059261,-2.0716609954833984
T0,SOK,SELECT,2020-07-01,WeightedEnsemble,2020-08-01,-20.22095299059261,-0.5391477942466736
T0,SOK,SELECT,2020-07-01,sifir,2020-08-01,-20.22095299059261,0.0
T0,SOK,SELECT,2020-07-01,naive,2020-08-01,-20.22095299059261,-6.925663201609406
T0,SOK,SELECT,2020-07-01,mevsimsel_naive,2020-08-01,-20.22095299059261,-15.104299200425844
T0,SOK,SELECT,2020-07-01,son12_ortalama,2020-08-01,-20.22095299059261,2.7819851459631235
T0,SOK,SELECT,2020-08-01,SeasonalNaive,2020-09-01,9.408234654401094,27.775313505407656
T0,SOK,SELECT,2020-08-01,RecursiveTabular,2020-09-01,9.408234654401094,32.45137405395508
T0,SOK,SELECT,2020-08-01,DirectTabular,2020-09-01,9.408234654401094,1.9168661832809448
T0,SOK,SELECT,2020-08-01,ETS,2020-09-01,9.408234654401094,0.9153508685989188
T0,SOK,SELECT,2020-08-01,Theta,2020-09-01,9.408234654401094,3.0145957469940186
T0,SOK,SELECT,2020-08-01,Chronos2,2020-09-01,9.408234654401094,0.4121624231338501
T0,SOK,SELECT,2020-08-01,Toto2,2020-09-01,9.408234654401094,0.9133608937263489
T0,SOK,SELECT,2020-08-01,WeightedEnsemble,2020-09-01,9.408234654401094,27.775313505407656
T0,SOK,SELECT,2020-08-01,sifir,2020-09-01,9.408234654401094,0.0
T0,SOK,SELECT,2020-08-01,naive,2020-09-01,9.408234654401094,-20.22095299059261
T0,SOK,SELECT,2020-08-01,mevsimsel_naive,2020-09-01,9.408234654401094,27.775313505407656
T0,SOK,SELECT,2020-08-01,son12_ortalama,2020-09-01,9.408234654401094,2.355597330115893
T0,SOK,SELECT,2020-09-01,SeasonalNaive,2020-10-01,-10.335965571611636,13.95616299850194
T0,SOK,SELECT,2020-09-01,RecursiveTabular,2020-10-01,-10.335965571611636,15.966090202331543
T0,SOK,SELECT,2020-09-01,DirectTabular,2020-10-01,-10.335965571611636,1.5871038436889648
T0,SOK,SELECT,2020-09-01,ETS,2020-10-01,-10.335965571611636,1.1573698655926095
T0,SOK,SELECT,2020-09-01,Theta,2020-10-01,-10.335965571611636,4.009187698364258
T0,SOK,SELECT,2020-09-01,Chronos2,2020-10-01,-10.335965571611636,1.4755280017852783
T0,SOK,SELECT,2020-09-01,Toto2,2020-10-01,-10.335965571611636,1.2383002042770386
T0,SOK,SELECT,2020-09-01,WeightedEnsemble,2020-10-01,-10.335965571611636,6.0947340524271905
T0,SOK,SELECT,2020-09-01,sifir,2020-10-01,-10.335965571611636,0.0
T0,SOK,SELECT,2020-09-01,naive,2020-10-01,-10.335965571611636,9.408234654401094
T0,SOK,SELECT,2020-09-01,mevsimsel_naive,2020-10-01,-10.335965571611636,13.95616299850194
T0,SOK,SELECT,2020-09-01,son12_ortalama,2020-10-01,-10.335965571611636,0.825007425865346
T0,SOK,SELECT,2020-10-01,SeasonalNaive,2020-11-01,-24.71378643217448,0.7049748855711863
T0,SOK,SELECT,2020-10-01,RecursiveTabular,2020-11-01,-24.71378643217448,2.097625255584717
T0,SOK,SELECT,2020-10-01,DirectTabular,2020-11-01,-24.71378643217448,0.8946433663368225
T0,SOK,SELECT,2020-10-01,ETS,2020-11-01,-24.71378643217448,0.8140104525885115
T0,SOK,SELECT,2020-10-01,Theta,2020-11-01,-24.71378643217448,2.4228837490081787
T0,SOK,SELECT,2020-10-01,Chronos2,2020-11-01,-24.71378643217448,0.5990771055221558
T0,SOK,SELECT,2020-10-01,Toto2,2020-11-01,-24.71378643217448,0.9024906158447266
T0,SOK,SELECT,2020-10-01,WeightedEnsemble,2020-11-01,-24.71378643217448,0.8946433663368225
T0,SOK,SELECT,2020-10-01,sifir,2020-11-01,-24.71378643217448,0.0
T0,SOK,SELECT,2020-10-01,naive,2020-11-01,-24.71378643217448,-10.335965571611636
T0,SOK,SELECT,2020-10-01,mevsimsel_naive,2020-11-01,-24.71378643217448,0.7049748855711863
T0,SOK,SELECT,2020-10-01,son12_ortalama,2020-11-01,-24.71378643217448,-1.1993366216441184
T0,SOK,SELECT,2020-11-01,SeasonalNaive,2020-12-01,-26.59472251283588,9.88311102405166
T0,SOK,SELECT,2020-11-01,RecursiveTabular,2020-12-01,-26.59472251283588,10.285274505615234
T0,SOK,SELECT,2020-11-01,DirectTabular,2020-12-01,-26.59472251283588,1.1884284019470215
T0,SOK,SELECT,2020-11-01,ETS,2020-12-01,-26.59472251283588,0.09829488460432853
T0,SOK,SELECT,2020-11-01,Theta,2020-12-01,-26.59472251283588,-0.7495628595352173
T0,SOK,SELECT,2020-11-01,Chronos2,2020-12-01,-26.59472251283588,0.0779767781496048
T0,SOK,SELECT,2020-11-01,Toto2,2020-12-01,-26.59472251283588,0.0054012686014175415
T0,SOK,SELECT,2020-11-01,WeightedEnsemble,2020-12-01,-26.59472251283588,0.0779767781496048
T0,SOK,SELECT,2020-11-01,sifir,2020-12-01,-26.59472251283588,0.0
T0,SOK,SELECT,2020-11-01,naive,2020-12-01,-26.59472251283588,-24.71378643217448
T0,SOK,SELECT,2020-11-01,mevsimsel_naive,2020-12-01,-26.59472251283588,9.88311102405166
T0,SOK,SELECT,2020-11-01,son12_ortalama,2020-12-01,-26.59472251283588,-3.317566731456257
T0,SOK,SELECT,2020-12-01,SeasonalNaive,2021-01-01,-16.72519933077777,-17.591554852079078
T0,SOK,SELECT,2020-12-01,RecursiveTabular,2021-01-01,-16.72519933077777,-18.785079956054688
T0,SOK,SELECT,2020-12-01,DirectTabular,2021-01-01,-16.72519933077777,0.8362072110176086
T0,SOK,SELECT,2020-12-01,ETS,2021-01-01,-16.72519933077777,-0.6654050077953271
T0,SOK,SELECT,2020-12-01,Theta,2021-01-01,-16.72519933077777,-3.805147647857666
T0,SOK,SELECT,2020-12-01,Chronos2,2021-01-01,-16.72519933077777,-1.4162306785583496
T0,SOK,SELECT,2020-12-01,Toto2,2021-01-01,-16.72519933077777,-1.111402988433838
T0,SOK,SELECT,2020-12-01,WeightedEnsemble,2021-01-01,-16.72519933077777,-3.805147647857666
T0,SOK,SELECT,2020-12-01,sifir,2021-01-01,-16.72519933077777,0.0
T0,SOK,SELECT,2020-12-01,naive,2021-01-01,-16.72519933077777,-26.59472251283588
T0,SOK,SELECT,2020-12-01,mevsimsel_naive,2021-01-01,-16.72519933077777,-17.591554852079078
T0,SOK,SELECT,2020-12-01,son12_ortalama,2021-01-01,-16.72519933077777,-6.3573861928635536
T0,SOK,SELECT,2021-01-01,SeasonalNaive,2021-02-01,6.848962744626588,-2.814683920368756
T0,SOK,SELECT,2021-01-01,RecursiveTabular,2021-02-01,6.848962744626588,-3.530916690826416
T0,SOK,SELECT,2021-01-01,DirectTabular,2021-02-01,6.848962744626588,0.07083369046449661
T0,SOK,SELECT,2021-01-01,ETS,2021-02-01,6.848962744626588,-1.1187466382704478
T0,SOK,SELECT,2021-01-01,Theta,2021-02-01,6.848962744626588,-5.339753150939941
T0,SOK,SELECT,2021-01-01,Chronos2,2021-02-01,6.848962744626588,-4.075336456298828
T0,SOK,SELECT,2021-01-01,Toto2,2021-02-01,6.848962744626588,-3.0482940673828125
T0,SOK,SELECT,2021-01-01,WeightedEnsemble,2021-02-01,6.848962744626588,-3.2243969407895
T0,SOK,SELECT,2021-01-01,sifir,2021-02-01,6.848962744626588,0.0
T0,SOK,SELECT,2021-01-01,naive,2021-02-01,6.848962744626588,-16.72519933077777
T0,SOK,SELECT,2021-01-01,mevsimsel_naive,2021-02-01,6.848962744626588,-2.814683920368756
T0,SOK,SELECT,2021-01-01,son12_ortalama,2021-02-01,6.848962744626588,-6.285189899421776
T0,SOK,SELECT,2021-02-01,SeasonalNaive,2021-03-01,35.55604124572647,-19.716800199477632
T0,SOK,SELECT,2021-02-01,RecursiveTabular,2021-03-01,35.55604124572647,-21.606142044067383
T0,SOK,SELECT,2021-02-01,DirectTabular,2021-03-01,35.55604124572647,-0.679963231086731
T0,SOK,SELECT,2021-02-01,ETS,2021-03-01,35.55604124572647,-0.9296660715884606
T0,SOK,SELECT,2021-02-01,Theta,2021-03-01,35.55604124572647,-3.8631973266601562
T0,SOK,SELECT,2021-02-01,Chronos2,2021-03-01,35.55604124572647,-2.9372451305389404
T0,SOK,SELECT,2021-02-01,Toto2,2021-03-01,35.55604124572647,-2.041962146759033
T0,SOK,SELECT,2021-02-01,WeightedEnsemble,2021-03-01,35.55604124572647,-0.679963231086731
T0,SOK,SELECT,2021-02-01,sifir,2021-03-01,35.55604124572647,0.0
T0,SOK,SELECT,2021-02-01,naive,2021-03-01,35.55604124572647,6.848962744626588
T0,SOK,SELECT,2021-02-01,mevsimsel_naive,2021-03-01,35.55604124572647,-19.716800199477632
T0,SOK,SELECT,2021-02-01,son12_ortalama,2021-03-01,35.55604124572647,-5.479886010672164
T0,SOK,SELECT,2021-03-01,SeasonalNaive,2021-04-01,-10.883147152664586,-77.18045079689757
T0,SOK,SELECT,2021-03-01,RecursiveTabular,2021-04-01,-10.883147152664586,-77.23905944824219
T0,SOK,SELECT,2021-03-01,DirectTabular,2021-04-01,-10.883147152664586,-1.1708091497421265
T0,SOK,SELECT,2021-03-01,ETS,2021-04-01,-10.883147152664586,0.042199524037357064
T0,SOK,SELECT,2021-03-01,Theta,2021-04-01,-10.883147152664586,0.9299031496047974
T0,SOK,SELECT,2021-03-01,Chronos2,2021-04-01,-10.883147152664586,-0.012310542166233063
T0,SOK,SELECT,2021-03-01,Toto2,2021-04-01,-10.883147152664586,-0.08149439096450806
T0,SOK,SELECT,2021-03-01,WeightedEnsemble,2021-04-01,-10.883147152664586,0.042199524037357064
T0,SOK,SELECT,2021-03-01,sifir,2021-04-01,-10.883147152664586,0.0
T0,SOK,SELECT,2021-03-01,naive,2021-04-01,-10.883147152664586,35.55604124572647
T0,SOK,SELECT,2021-03-01,mevsimsel_naive,2021-04-01,-10.883147152664586,-77.18045079689757
T0,SOK,SELECT,2021-03-01,son12_ortalama,2021-04-01,-10.883147152664586,-0.873815890238489
T0,SOK,SELECT,2021-04-01,SeasonalNaive,2021-05-01,-29.32672993932633,49.80176895789852
T0,SOK,SELECT,2021-04-01,RecursiveTabular,2021-05-01,-29.32672993932633,50.37023162841797
T0,SOK,SELECT,2021-04-01,DirectTabular,2021-05-01,-29.32672993932633,-0.9120733737945557
T0,SOK,SELECT,2021-04-01,ETS,2021-05-01,-29.32672993932633,-0.27222395216173895
T0,SOK,SELECT,2021-04-01,Theta,2021-05-01,-29.32672993932633,-0.33335065841674805
T0,SOK,SELECT,2021-04-01,Chronos2,2021-05-01,-29.32672993932633,-1.2952024936676025
T0,SOK,SELECT,2021-04-01,Toto2,2021-05-01,-29.32672993932633,-2.7425248622894287
T0,SOK,SELECT,2021-04-01,WeightedEnsemble,2021-05-01,-29.32672993932633,6.332068113175789
T0,SOK,SELECT,2021-04-01,sifir,2021-05-01,-29.32672993932633,0.0
T0,SOK,SELECT,2021-04-01,naive,2021-05-01,-29.32672993932633,-10.883147152664586
T0,SOK,SELECT,2021-04-01,mevsimsel_naive,2021-05-01,-29.32672993932633,49.80176895789852
T0,SOK,SELECT,2021-04-01,son12_ortalama,2021-05-01,-29.32672993932633,4.650959413447594
T0,SOK,SELECT,2021-05-01,SeasonalNaive,2021-06-01,64.34681589174947,70.59594255098482
T0,SOK,SELECT,2021-05-01,RecursiveTabular,2021-06-01,64.34681589174947,67.91715240478516
T0,SOK,SELECT,2021-05-01,DirectTabular,2021-06-01,64.34681589174947,0.04003414139151573
T0,SOK,SELECT,2021-05-01,ETS,2021-06-01,64.34681589174947,-0.9467102427822142
T0,SOK,SELECT,2021-05-01,Theta,2021-06-01,64.34681589174947,-3.6161277294158936
T0,SOK,SELECT,2021-05-01,Chronos2,2021-06-01,64.34681589174947,-4.4096503257751465
T0,SOK,SELECT,2021-05-01,Toto2,2021-06-01,64.34681589174947,-1.6951953172683716
T0,SOK,SELECT,2021-05-01,WeightedEnsemble,2021-06-01,64.34681589174947,-1.6951953172683716
T0,SOK,SELECT,2021-05-01,sifir,2021-06-01,64.34681589174947,0.0
T0,SOK,SELECT,2021-05-01,naive,2021-06-01,64.34681589174947,-29.32672993932633
T0,SOK,SELECT,2021-05-01,mevsimsel_naive,2021-06-01,64.34681589174947,70.59594255098482
T0,SOK,SELECT,2021-05-01,son12_ortalama,2021-06-01,64.34681589174947,-1.9430821613211442
T0,SOK,SELECT,2021-06-01,SeasonalNaive,2021-07-01,-21.136747557930065,-6.925663201609406
T0,SOK,SELECT,2021-06-01,RecursiveTabular,2021-07-01,-21.136747557930065,-4.315018177032471
T0,SOK,SELECT,2021-06-01,DirectTabular,2021-07-01,-21.136747557930065,-0.25685808062553406
T0,SOK,SELECT,2021-06-01,ETS,2021-07-01,-21.136747557930065,0.6442166716834551
T0,SOK,SELECT,2021-06-01,Theta,2021-07-01,-21.136747557930065,4.505191802978516
T0,SOK,SELECT,2021-06-01,Chronos2,2021-07-01,-21.136747557930065,0.9610238075256348
T0,SOK,SELECT,2021-06-01,Toto2,2021-07-01,-21.136747557930065,-0.12817323207855225
T0,SOK,SELECT,2021-06-01,WeightedEnsemble,2021-07-01,-21.136747557930065,-5.475589182137937
T0,SOK,SELECT,2021-06-01,sifir,2021-07-01,-21.136747557930065,0.0
T0,SOK,SELECT,2021-06-01,naive,2021-07-01,-21.136747557930065,64.34681589174947
T0,SOK,SELECT,2021-06-01,mevsimsel_naive,2021-07-01,-21.136747557930065,-6.925663201609406
T0,SOK,SELECT,2021-06-01,son12_ortalama,2021-07-01,-21.136747557930065,-2.4638427162574223
T0,SOK,SELECT,2021-07-01,SeasonalNaive,2021-08-01,16.451898507805947,-20.22095299059261
T0,SOK,SELECT,2021-07-01,RecursiveTabular,2021-08-01,16.451898507805947,-20.742000579833984
T0,SOK,SELECT,2021-07-01,DirectTabular,2021-08-01,16.451898507805947,-1.0819367170333862
T0,SOK,SELECT,2021-07-01,ETS,2021-08-01,16.451898507805947,0.11803969921894952
T0,SOK,SELECT,2021-07-01,Theta,2021-08-01,16.451898507805947,1.7455933094024658
T0,SOK,SELECT,2021-07-01,Chronos2,2021-08-01,16.451898507805947,-1.5599586963653564
T0,SOK,SELECT,2021-07-01,Toto2,2021-08-01,16.451898507805947,-0.7081618309020996
T0,SOK,SELECT,2021-07-01,WeightedEnsemble,2021-08-01,16.451898507805947,-20.742000579833984
T0,SOK,SELECT,2021-07-01,sifir,2021-08-01,16.451898507805947,0.0
T0,SOK,SELECT,2021-07-01,naive,2021-08-01,16.451898507805947,-21.136747557930065
T0,SOK,SELECT,2021-07-01,mevsimsel_naive,2021-08-01,16.451898507805947,-20.22095299059261
T0,SOK,SELECT,2021-07-01,son12_ortalama,2021-08-01,16.451898507805947,-3.648099745950811
T0,SOK,SELECT,2021-08-01,SeasonalNaive,2021-09-01,8.279747176280907,9.408234654401094
T0,SOK,SELECT,2021-08-01,RecursiveTabular,2021-09-01,8.279747176280907,10.348268508911133
T0,SOK,SELECT,2021-08-01,DirectTabular,2021-09-01,8.279747176280907,1.0074928998947144
T0,SOK,SELECT,2021-08-01,ETS,2021-09-01,8.279747176280907,0.4674665605950623
T0,SOK,SELECT,2021-08-01,Theta,2021-09-01,8.279747176280907,3.604522228240967
T0,SOK,SELECT,2021-08-01,Chronos2,2021-09-01,8.279747176280907,0.13328099250793457
T0,SOK,SELECT,2021-08-01,Toto2,2021-09-01,8.279747176280907,0.44562527537345886
T0,SOK,SELECT,2021-08-01,WeightedEnsemble,2021-09-01,8.279747176280907,3.604522228240967
T0,SOK,SELECT,2021-08-01,sifir,2021-09-01,8.279747176280907,0.0
T0,SOK,SELECT,2021-08-01,naive,2021-09-01,8.279747176280907,16.451898507805947
T0,SOK,SELECT,2021-08-01,mevsimsel_naive,2021-09-01,8.279747176280907,9.408234654401094
T0,SOK,SELECT,2021-08-01,son12_ortalama,2021-09-01,8.279747176280907,-0.5920287877509306
T0,SOK,SELECT,2021-09-01,SeasonalNaive,2021-10-01,5.65167614073621,-10.335965571611636
T0,SOK,SELECT,2021-09-01,RecursiveTabular,2021-10-01,5.65167614073621,-11.097997665405273
T0,SOK,SELECT,2021-09-01,DirectTabular,2021-10-01,5.65167614073621,5.591338634490967
T0,SOK,SELECT,2021-09-01,ETS,2021-10-01,5.65167614073621,0.6251246185212583
T0,SOK,SELECT,2021-09-01,Theta,2021-10-01,5.65167614073621,4.3260297775268555
T0,SOK,SELECT,2021-09-01,Chronos2,2021-10-01,5.65167614073621,0.25813010334968567
T0,SOK,SELECT,2021-09-01,Toto2,2021-10-01,5.65167614073621,0.8612621426582336
T0,SOK,SELECT,2021-09-01,WeightedEnsemble,2021-10-01,5.65167614073621,-8.062977075198338
T0,SOK,SELECT,2021-09-01,sifir,2021-10-01,5.65167614073621,0.0
T0,SOK,SELECT,2021-09-01,naive,2021-10-01,5.65167614073621,8.279747176280907
T0,SOK,SELECT,2021-09-01,mevsimsel_naive,2021-10-01,5.65167614073621,-10.335965571611636
T0,SOK,SELECT,2021-09-01,son12_ortalama,2021-10-01,5.65167614073621,-0.6860694109276132
T0,SOK,SELECT,2021-10-01,SeasonalNaive,2021-11-01,25.39849685931456,-24.71378643217448
T0,SOK,SELECT,2021-10-01,RecursiveTabular,2021-11-01,25.39849685931456,-23.76774787902832
T0,SOK,SELECT,2021-10-01,DirectTabular,2021-11-01,25.39849685931456,8.175215721130371
T0,SOK,SELECT,2021-10-01,ETS,2021-11-01,25.39849685931456,0.706375022377902
T0,SOK,SELECT,2021-10-01,Theta,2021-11-01,25.39849685931456,4.670365333557129
T0,SOK,SELECT,2021-10-01,Chronos2,2021-11-01,25.39849685931456,0.4590822160243988
T0,SOK,SELECT,2021-10-01,Toto2,2021-11-01,25.39849685931456,1.7470262050628662
T0,SOK,SELECT,2021-10-01,WeightedEnsemble,2021-11-01,25.39849685931456,6.119036722183227
T0,SOK,SELECT,2021-10-01,sifir,2021-11-01,25.39849685931456,0.0
T0,SOK,SELECT,2021-10-01,naive,2021-11-01,25.39849685931456,5.65167614073621
T0,SOK,SELECT,2021-10-01,mevsimsel_naive,2021-11-01,25.39849685931456,-24.71378643217448
T0,SOK,SELECT,2021-10-01,son12_ortalama,2021-11-01,25.39849685931456,0.6462340651013742
T0,SOK,SELECT,2021-11-01,SeasonalNaive,2021-12-01,-28.48981623312932,-26.59472251283588
T0,SOK,SELECT,2021-11-01,RecursiveTabular,2021-12-01,-28.48981623312932,-24.728410720825195
T0,SOK,SELECT,2021-11-01,DirectTabular,2021-12-01,-28.48981623312932,4.1018900871276855
T0,SOK,SELECT,2021-11-01,ETS,2021-12-01,-28.48981623312932,1.2654647149224236
T0,SOK,SELECT,2021-11-01,Theta,2021-12-01,-28.48981623312932,7.2315850257873535
T0,SOK,SELECT,2021-11-01,Chronos2,2021-12-01,-28.48981623312932,1.6345231533050537
T0,SOK,SELECT,2021-11-01,Toto2,2021-12-01,-28.48981623312932,1.5918455123901367
T0,SOK,SELECT,2021-11-01,WeightedEnsemble,2021-12-01,-28.48981623312932,4.1018900871276855
T0,SOK,SELECT,2021-11-01,sifir,2021-12-01,-28.48981623312932,0.0
T0,SOK,SELECT,2021-11-01,naive,2021-12-01,-28.48981623312932,25.39849685931456
T0,SOK,SELECT,2021-11-01,mevsimsel_naive,2021-12-01,-28.48981623312932,-26.59472251283588
T0,SOK,SELECT,2021-11-01,son12_ortalama,2021-12-01,-28.48981623312932,4.82225767272546
T0,SOK,SELECT,2021-12-01,SeasonalNaive,2022-01-01,-70.16063264994634,-16.72519933077777
T0,SOK,SELECT,2021-12-01,RecursiveTabular,2022-01-01,-70.16063264994634,-15.928592681884766
T0,SOK,SELECT,2021-12-01,DirectTabular,2022-01-01,-70.16063264994634,-14.567977905273438
T0,SOK,SELECT,2021-12-01,ETS,2022-01-01,-70.16063264994634,0.7059243685148265
T0,SOK,SELECT,2021-12-01,Theta,2022-01-01,-70.16063264994634,3.452194929122925
T0,SOK,SELECT,2021-12-01,Chronos2,2022-01-01,-70.16063264994634,0.0559963583946228
T0,SOK,SELECT,2021-12-01,Toto2,2022-01-01,-70.16063264994634,1.1461248397827148
T0,SOK,SELECT,2021-12-01,WeightedEnsemble,2022-01-01,-70.16063264994634,-16.72519933077777
T0,SOK,SELECT,2021-12-01,sifir,2022-01-01,-70.16063264994634,0.0
T0,SOK,SELECT,2021-12-01,naive,2022-01-01,-70.16063264994634,-28.48981623312932
T0,SOK,SELECT,2021-12-01,mevsimsel_naive,2022-01-01,-70.16063264994634,-16.72519933077777
T0,SOK,SELECT,2021-12-01,son12_ortalama,2022-01-01,-70.16063264994634,4.664333196034341
T0,SOK,SELECT,2022-01-01,SeasonalNaive,2022-02-01,20.4412680817143,6.848962744626588
T0,SOK,SELECT,2022-01-01,RecursiveTabular,2022-02-01,20.4412680817143,7.649397373199463
T0,SOK,SELECT,2022-01-01,DirectTabular,2022-02-01,20.4412680817143,-41.20227813720703
T0,SOK,SELECT,2022-01-01,ETS,2022-02-01,20.4412680817143,-0.8107629107357803
T0,SOK,SELECT,2022-01-01,Theta,2022-02-01,20.4412680817143,-4.547785758972168
T0,SOK,SELECT,2022-01-01,Chronos2,2022-02-01,20.4412680817143,-1.435705304145813
T0,SOK,SELECT,2022-01-01,Toto2,2022-02-01,20.4412680817143,-1.9116370677947998
T0,SOK,SELECT,2022-01-01,WeightedEnsemble,2022-02-01,20.4412680817143,-41.20227813720703
T0,SOK,SELECT,2022-01-01,sifir,2022-02-01,20.4412680817143,0.0
T0,SOK,SELECT,2022-01-01,naive,2022-02-01,20.4412680817143,-70.16063264994634
T0,SOK,SELECT,2022-01-01,mevsimsel_naive,2022-02-01,20.4412680817143,6.848962744626588
T0,SOK,SELECT,2022-01-01,son12_ortalama,2022-02-01,20.4412680817143,0.21138041943695995
T0,SOK,SELECT,2022-02-01,SeasonalNaive,2022-03-01,30.13565685935965,35.55604124572647
T0,SOK,SELECT,2022-02-01,RecursiveTabular,2022-03-01,30.13565685935965,38.109169006347656
T0,SOK,SELECT,2022-02-01,DirectTabular,2022-03-01,30.13565685935965,-56.74148941040039
T0,SOK,SELECT,2022-02-01,ETS,2022-03-01,30.13565685935965,-0.349470414231324
T0,SOK,SELECT,2022-02-01,Theta,2022-03-01,30.13565685935965,-1.6659016609191895
T0,SOK,SELECT,2022-02-01,Chronos2,2022-03-01,30.13565685935965,-0.5863552093505859
T0,SOK,SELECT,2022-02-01,Toto2,2022-03-01,30.13565685935965,-0.2482694387435913
T0,SOK,SELECT,2022-02-01,WeightedEnsemble,2022-03-01,30.13565685935965,38.109169006347656
T0,SOK,SELECT,2022-02-01,sifir,2022-03-01,30.13565685935965,0.0
T0,SOK,SELECT,2022-02-01,naive,2022-03-01,30.13565685935965,20.4412680817143
T0,SOK,SELECT,2022-02-01,mevsimsel_naive,2022-03-01,30.13565685935965,35.55604124572647
T0,SOK,SELECT,2022-02-01,son12_ortalama,2022-03-01,30.13565685935965,1.3440725308609356
T0,SOK,SELECT,2022-03-01,SeasonalNaive,2022-04-01,18.4826500981484,-10.883147152664586
T0,SOK,SELECT,2022-03-01,RecursiveTabular,2022-04-01,18.4826500981484,-10.371283531188965
T0,SOK,SELECT,2022-03-01,DirectTabular,2022-04-01,18.4826500981484,-0.3732105791568756
T0,SOK,SELECT,2022-03-01,ETS,2022-04-01,18.4826500981484,0.19536958625940373
T0,SOK,SELECT,2022-03-01,Theta,2022-04-01,18.4826500981484,2.01417875289917
T0,SOK,SELECT,2022-03-01,Chronos2,2022-04-01,18.4826500981484,0.519778311252594
T0,SOK,SELECT,2022-03-01,Toto2,2022-04-01,18.4826500981484,-1.5222527980804443
T0,SOK,SELECT,2022-03-01,WeightedEnsemble,2022-04-01,18.4826500981484,-9.249611171029807
T0,SOK,SELECT,2022-03-01,sifir,2022-04-01,18.4826500981484,0.0
T0,SOK,SELECT,2022-03-01,naive,2022-04-01,18.4826500981484,30.13565685935965
T0,SOK,SELECT,2022-03-01,mevsimsel_naive,2022-04-01,18.4826500981484,-10.883147152664586
T0,SOK,SELECT,2022-03-01,son12_ortalama,2022-04-01,18.4826500981484,0.8923738319970335
T0,SOK,SELECT,2022-04-01,SeasonalNaive,2022-05-01,10.649725072503664,-29.32672993932633
T0,SOK,SELECT,2022-04-01,RecursiveTabular,2022-05-01,10.649725072503664,-27.570552825927734
T0,SOK,SELECT,2022-04-01,DirectTabular,2022-05-01,10.649725072503664,0.0426689051091671
T0,SOK,SELECT,2022-04-01,ETS,2022-05-01,10.649725072503664,0.5909754358518431
T0,SOK,SELECT,2022-04-01,Theta,2022-05-01,10.649725072503664,4.011271953582764
T0,SOK,SELECT,2022-04-01,Chronos2,2022-05-01,10.649725072503664,0.9063081741333008
T0,SOK,SELECT,2022-04-01,Toto2,2022-05-01,10.649725072503664,1.3200678825378418
T0,SOK,SELECT,2022-04-01,WeightedEnsemble,2022-05-01,10.649725072503664,4.011271953582764
T0,SOK,SELECT,2022-04-01,sifir,2022-05-01,10.649725072503664,0.0
T0,SOK,SELECT,2022-04-01,naive,2022-05-01,10.649725072503664,18.4826500981484
T0,SOK,SELECT,2022-04-01,mevsimsel_naive,2022-05-01,10.649725072503664,-29.32672993932633
T0,SOK,SELECT,2022-04-01,son12_ortalama,2022-05-01,10.649725072503664,3.3395236028981166
T0,SOK,SELECT,2022-05-01,SeasonalNaive,2022-06-01,5.339546450964438,64.34681589174947
T0,SOK,SELECT,2022-05-01,RecursiveTabular,2022-06-01,5.339546450964438,66.16126251220703
T0,SOK,SELECT,2022-05-01,DirectTabular,2022-06-01,5.339546450964438,-16.53345489501953
T0,SOK,SELECT,2022-05-01,ETS,2022-06-01,5.339546450964438,0.7831667680821554
T0,SOK,SELECT,2022-05-01,Theta,2022-06-01,5.339546450964438,4.9331817626953125
T0,SOK,SELECT,2022-05-01,Chronos2,2022-06-01,5.339546450964438,0.59892338514328
T0,SOK,SELECT,2022-05-01,Toto2,2022-06-01,5.339546450964438,1.3548425436019897
T0,SOK,SELECT,2022-05-01,WeightedEnsemble,2022-06-01,5.339546450964438,4.9331817626953125
T0,SOK,SELECT,2022-05-01,sifir,2022-06-01,5.339546450964438,0.0
T0,SOK,SELECT,2022-05-01,naive,2022-06-01,5.339546450964438,10.649725072503664
T0,SOK,SELECT,2022-05-01,mevsimsel_naive,2022-06-01,5.339546450964438,64.34681589174947
T0,SOK,SELECT,2022-05-01,son12_ortalama,2022-06-01,5.339546450964438,6.670894853883948
T0,SOK,SELECT,2022-06-01,SeasonalNaive,2022-07-01,-50.305125616518296,-21.136747557930065
T0,SOK,SELECT,2022-06-01,RecursiveTabular,2022-07-01,-50.305125616518296,-21.074462890625
T0,SOK,SELECT,2022-06-01,DirectTabular,2022-07-01,-50.305125616518296,-0.7101723551750183
T0,SOK,SELECT,2022-06-01,ETS,2022-07-01,-50.305125616518296,0.8680195411890275
T0,SOK,SELECT,2022-06-01,Theta,2022-07-01,-50.305125616518296,5.173046112060547
T0,SOK,SELECT,2022-06-01,Chronos2,2022-07-01,-50.305125616518296,1.2739651203155518
T0,SOK,SELECT,2022-06-01,Toto2,2022-07-01,-50.305125616518296,1.2548487186431885
T0,SOK,SELECT,2022-06-01,WeightedEnsemble,2022-07-01,-50.305125616518296,4.501274159687113
T0,SOK,SELECT,2022-06-01,sifir,2022-07-01,-50.305125616518296,0.0
T0,SOK,SELECT,2022-06-01,naive,2022-07-01,-50.305125616518296,5.339546450964438
T0,SOK,SELECT,2022-06-01,mevsimsel_naive,2022-07-01,-50.305125616518296,-21.136747557930065
T0,SOK,SELECT,2022-06-01,son12_ortalama,2022-07-01,-50.305125616518296,1.753622400485196
T0,SOK,SELECT,2022-07-01,SeasonalNaive,2022-08-01,10.738395515419064,16.451898507805947
T0,SOK,SELECT,2022-07-01,RecursiveTabular,2022-08-01,10.738395515419064,-10.986984252929688
T0,SOK,SELECT,2022-07-01,DirectTabular,2022-08-01,10.738395515419064,0.29465505480766296
T0,SOK,SELECT,2022-07-01,ETS,2022-08-01,10.738395515419064,-0.03963640673153751
T0,SOK,SELECT,2022-07-01,Theta,2022-08-01,10.738395515419064,-0.6798628568649292
T0,SOK,SELECT,2022-07-01,Chronos2,2022-08-01,10.738395515419064,-0.6588739156723022
T0,SOK,SELECT,2022-07-01,Toto2,2022-08-01,10.738395515419064,-1.493144154548645
T0,SOK,SELECT,2022-07-01,WeightedEnsemble,2022-08-01,10.738395515419064,-10.986984252929688
T0,SOK,SELECT,2022-07-01,sifir,2022-08-01,10.738395515419064,0.0
T0,SOK,SELECT,2022-07-01,naive,2022-08-01,10.738395515419064,-50.305125616518296
T0,SOK,SELECT,2022-07-01,mevsimsel_naive,2022-08-01,10.738395515419064,16.451898507805947
T0,SOK,SELECT,2022-07-01,son12_ortalama,2022-08-01,10.738395515419064,-0.6770757710638241
T0,SOK,SELECT,2022-08-01,SeasonalNaive,2022-09-01,-0.3249684648737773,8.279747176280907
T0,SOK,SELECT,2022-08-01,RecursiveTabular,2022-09-01,-0.3249684648737773,8.279311180114746
T0,SOK,SELECT,2022-08-01,DirectTabular,2022-09-01,-0.3249684648737773,-16.35186004638672
T0,SOK,SELECT,2022-08-01,ETS,2022-09-01,-0.3249684648737773,0.11930317880805082
T0,SOK,SELECT,2022-08-01,Theta,2022-09-01,-0.3249684648737773,0.7013310790061951
T0,SOK,SELECT,2022-08-01,Chronos2,2022-09-01,-0.3249684648737773,0.7990353107452393
T0,SOK,SELECT,2022-08-01,Toto2,2022-09-01,-0.3249684648737773,-1.1432746648788452
T0,SOK,SELECT,2022-08-01,WeightedEnsemble,2022-09-01,-0.3249684648737773,-4.244798869143309
T0,SOK,SELECT,2022-08-01,sifir,2022-09-01,-0.3249684648737773,0.0
T0,SOK,SELECT,2022-08-01,naive,2022-09-01,-0.3249684648737773,10.738395515419064
T0,SOK,SELECT,2022-08-01,mevsimsel_naive,2022-09-01,-0.3249684648737773,8.279747176280907
T0,SOK,SELECT,2022-08-01,son12_ortalama,2022-09-01,-0.3249684648737773,-1.1532010204293968
T0,SOK,SELECT,2022-09-01,SeasonalNaive,2022-10-01,4.951722398189759,5.65167614073621
T0,SOK,SELECT,2022-09-01,RecursiveTabular,2022-10-01,4.951722398189759,-0.21947669982910156
T0,SOK,SELECT,2022-09-01,DirectTabular,2022-10-01,4.951722398189759,-25.756668090820312
T0,SOK,SELECT,2022-09-01,ETS,2022-10-01,4.951722398189759,0.1947098047398142
T0,SOK,SELECT,2022-09-01,Theta,2022-10-01,4.951722398189759,0.7311193943023682
T0,SOK,SELECT,2022-09-01,Chronos2,2022-10-01,4.951722398189759,1.3010436296463013
T0,SOK,SELECT,2022-09-01,Toto2,2022-10-01,4.951722398189759,-1.4158847332000732
T0,SOK,SELECT,2022-09-01,WeightedEnsemble,2022-10-01,4.951722398189759,-0.3719808660168129
T0,SOK,SELECT,2022-09-01,sifir,2022-10-01,4.951722398189759,0.0
T0,SOK,SELECT,2022-09-01,naive,2022-10-01,4.951722398189759,-0.3249684648737773
T0,SOK,SELECT,2022-09-01,mevsimsel_naive,2022-10-01,4.951722398189759,5.65167614073621
T0,SOK,SELECT,2022-09-01,son12_ortalama,2022-10-01,4.951722398189759,-1.8702606571922882
T0,SOK,SELECT,2022-10-01,SeasonalNaive,2022-11-01,14.750609145739302,25.39849685931456
T0,SOK,SELECT,2022-10-01,RecursiveTabular,2022-11-01,14.750609145739302,16.787015914916992
T0,SOK,SELECT,2022-10-01,DirectTabular,2022-11-01,14.750609145739302,-0.4970851242542267
T0,SOK,SELECT,2022-10-01,ETS,2022-11-01,14.750609145739302,0.19518550599915918
T0,SOK,SELECT,2022-10-01,Theta,2022-11-01,14.750609145739302,1.3327512741088867
T0,SOK,SELECT,2022-10-01,Chronos2,2022-11-01,14.750609145739302,0.8151037096977234
T0,SOK,SELECT,2022-10-01,Toto2,2022-11-01,14.750609145739302,-1.482846736907959
T0,SOK,SELECT,2022-10-01,WeightedEnsemble,2022-11-01,14.750609145739302,21.442548537586656
T0,SOK,SELECT,2022-10-01,sifir,2022-11-01,14.750609145739302,0.0
T0,SOK,SELECT,2022-10-01,naive,2022-11-01,14.750609145739302,4.951722398189759
T0,SOK,SELECT,2022-10-01,mevsimsel_naive,2022-11-01,14.750609145739302,25.39849685931456
T0,SOK,SELECT,2022-10-01,son12_ortalama,2022-11-01,14.750609145739302,-1.9285901357378243
T0,SOK,SELECT,2022-11-01,SeasonalNaive,2022-12-01,27.55030889485155,-28.48981623312932
T0,SOK,SELECT,2022-11-01,RecursiveTabular,2022-12-01,27.55030889485155,-29.564069747924805
T0,SOK,SELECT,2022-11-01,DirectTabular,2022-12-01,27.55030889485155,-0.4817694425582886
T0,SOK,SELECT,2022-11-01,ETS,2022-12-01,27.55030889485155,0.4673201514853525
T0,SOK,SELECT,2022-11-01,Theta,2022-12-01,27.55030889485155,2.941929817199707
T0,SOK,SELECT,2022-11-01,Chronos2,2022-12-01,27.55030889485155,1.0151342153549194
T0,SOK,SELECT,2022-11-01,Toto2,2022-12-01,27.55030889485155,0.18063637614250183
T0,SOK,SELECT,2022-11-01,WeightedEnsemble,2022-12-01,27.55030889485155,-15.585778601056845
T0,SOK,SELECT,2022-11-01,sifir,2022-12-01,27.55030889485155,0.0
T0,SOK,SELECT,2022-11-01,naive,2022-12-01,27.55030889485155,14.750609145739302
T0,SOK,SELECT,2022-11-01,mevsimsel_naive,2022-12-01,27.55030889485155,-28.48981623312932
T0,SOK,SELECT,2022-11-01,son12_ortalama,2022-12-01,27.55030889485155,-2.8159141118690965
T0,SOK,SELECT,2022-12-01,SeasonalNaive,2023-01-01,-16.533604954060525,-70.16063264994634
T0,SOK,SELECT,2022-12-01,RecursiveTabular,2023-01-01,-16.533604954060525,-41.094139099121094
T0,SOK,SELECT,2022-12-01,DirectTabular,2023-01-01,-16.533604954060525,-16.526639938354492
T0,SOK,SELECT,2022-12-01,ETS,2023-01-01,-16.533604954060525,0.9434329708868645
T0,SOK,SELECT,2022-12-01,Theta,2023-01-01,-16.533604954060525,5.785162925720215
T0,SOK,SELECT,2022-12-01,Chronos2,2023-01-01,-16.533604954060525,1.6058852672576904
T0,SOK,SELECT,2022-12-01,Toto2,2023-01-01,-16.533604954060525,2.004575252532959
T0,SOK,SELECT,2022-12-01,WeightedEnsemble,2023-01-01,-16.533604954060525,5.785162925720215
T0,SOK,SELECT,2022-12-01,sifir,2023-01-01,-16.533604954060525,0.0
T0,SOK,SELECT,2022-12-01,naive,2023-01-01,-16.533604954060525,27.55030889485155
T0,SOK,SELECT,2022-12-01,mevsimsel_naive,2023-01-01,-16.533604954060525,-70.16063264994634
T0,SOK,SELECT,2022-12-01,son12_ortalama,2023-01-01,-16.533604954060525,1.8540963154626435
T0,NORMAL,CONFIRM,2023-01-01,SeasonalNaive,2023-02-01,-27.31835275881,20.4412680817143
T0,NORMAL,CONFIRM,2023-01-01,RecursiveTabular,2023-02-01,-27.31835275881,13.805588722229004
T0,NORMAL,CONFIRM,2023-01-01,DirectTabular,2023-02-01,-27.31835275881,0.7953285574913025
T0,NORMAL,CONFIRM,2023-01-01,ETS,2023-02-01,-27.31835275881,0.644181867025152
T0,NORMAL,CONFIRM,2023-01-01,Theta,2023-02-01,-27.31835275881,3.5728683471679688
T0,NORMAL,CONFIRM,2023-01-01,Chronos2,2023-02-01,-27.31835275881,0.8484897613525391
T0,NORMAL,CONFIRM,2023-01-01,Toto2,2023-02-01,-27.31835275881,0.2658050060272217
T0,NORMAL,CONFIRM,2023-01-01,WeightedEnsemble,2023-02-01,-27.31835275881,6.420269738654576
T0,NORMAL,CONFIRM,2023-01-01,sifir,2023-02-01,-27.31835275881,0.0
T0,NORMAL,CONFIRM,2023-01-01,naive,2023-02-01,-27.31835275881,-16.533604954060525
T0,NORMAL,CONFIRM,2023-01-01,mevsimsel_naive,2023-02-01,-27.31835275881,20.4412680817143
T0,NORMAL,CONFIRM,2023-01-01,son12_ortalama,2023-02-01,-27.31835275881,6.323015290119794
T0,NORMAL,CONFIRM,2023-02-01,SeasonalNaive,2023-03-01,40.27100494751775,30.13565685935965
T0,NORMAL,CONFIRM,2023-02-01,RecursiveTabular,2023-03-01,40.27100494751775,62.32227325439453
T0,NORMAL,CONFIRM,2023-02-01,DirectTabular,2023-03-01,40.27100494751775,-11.310882568359375
T0,NORMAL,CONFIRM,2023-02-01,ETS,2023-03-01,40.27100494751775,0.13911447037180827
T0,NORMAL,CONFIRM,2023-02-01,Theta,2023-03-01,40.27100494751775,0.4236176311969757
T0,NORMAL,CONFIRM,2023-02-01,Chronos2,2023-03-01,40.27100494751775,0.42979884147644043
T0,NORMAL,CONFIRM,2023-02-01,Toto2,2023-03-01,40.27100494751775,-0.772817850112915
T0,NORMAL,CONFIRM,2023-02-01,WeightedEnsemble,2023-03-01,40.27100494751775,-0.772817850112915
T0,NORMAL,CONFIRM,2023-02-01,sifir,2023-03-01,40.27100494751775,0.0
T0,NORMAL,CONFIRM,2023-02-01,naive,2023-03-01,40.27100494751775,-27.31835275881
T0,NORMAL,CONFIRM,2023-02-01,mevsimsel_naive,2023-03-01,40.27100494751775,30.13565685935965
T0,NORMAL,CONFIRM,2023-02-01,son12_ortalama,2023-03-01,40.27100494751775,2.3430468867427696
T0,NORMAL,CONFIRM,2023-03-01,SeasonalNaive,2023-04-01,-3.074822492676483,18.4826500981484
T0,NORMAL,CONFIRM,2023-03-01,RecursiveTabular,2023-04-01,-3.074822492676483,-6.74360466003418
T0,NORMAL,CONFIRM,2023-03-01,DirectTabular,2023-04-01,-3.074822492676483,-3.455780029296875
T0,NORMAL,CONFIRM,2023-03-01,ETS,2023-04-01,-3.074822492676483,0.7993682848118149
T0,NORMAL,CONFIRM,2023-03-01,Theta,2023-04-01,-3.074822492676483,4.877590179443359
T0,NORMAL,CONFIRM,2023-03-01,Chronos2,2023-04-01,-3.074822492676483,1.3393592834472656
T0,NORMAL,CONFIRM,2023-03-01,Toto2,2023-04-01,-3.074822492676483,1.4448611736297607
T0,NORMAL,CONFIRM,2023-03-01,WeightedEnsemble,2023-04-01,-3.074822492676483,18.4826500981484
T0,NORMAL,CONFIRM,2023-03-01,sifir,2023-04-01,-3.074822492676483,0.0
T0,NORMAL,CONFIRM,2023-03-01,naive,2023-04-01,-3.074822492676483,40.27100494751775
T0,NORMAL,CONFIRM,2023-03-01,mevsimsel_naive,2023-04-01,-3.074822492676483,18.4826500981484
T0,NORMAL,CONFIRM,2023-03-01,son12_ortalama,2023-04-01,-3.074822492676483,3.1876592274226105
T0,NORMAL,CONFIRM,2023-04-01,SeasonalNaive,2023-05-01,3.6676838201579134,10.649725072503664
T0,NORMAL,CONFIRM,2023-04-01,RecursiveTabular,2023-05-01,3.6676838201579134,0.6758966445922852
T0,NORMAL,CONFIRM,2023-04-01,DirectTabular,2023-05-01,3.6676838201579134,-0.40138065814971924
T0,NORMAL,CONFIRM,2023-04-01,ETS,2023-05-01,3.6676838201579134,0.7817553406731054
T0,NORMAL,CONFIRM,2023-04-01,Theta,2023-05-01,3.6676838201579134,4.206808090209961
T0,NORMAL,CONFIRM,2023-04-01,Chronos2,2023-05-01,3.6676838201579134,1.2919700145721436
T0,NORMAL,CONFIRM,2023-04-01,Toto2,2023-05-01,3.6676838201579134,1.1658260822296143
T0,NORMAL,CONFIRM,2023-04-01,WeightedEnsemble,2023-05-01,3.6676838201579134,-0.40138065814971924
T0,NORMAL,CONFIRM,2023-04-01,sifir,2023-05-01,3.6676838201579134,0.0
T0,NORMAL,CONFIRM,2023-04-01,naive,2023-05-01,3.6676838201579134,-3.074822492676483
T0,NORMAL,CONFIRM,2023-04-01,mevsimsel_naive,2023-05-01,3.6676838201579134,10.649725072503664
T0,NORMAL,CONFIRM,2023-04-01,son12_ortalama,2023-05-01,3.6676838201579134,1.3912031781872038
T0,NORMAL,CONFIRM,2023-05-01,SeasonalNaive,2023-06-01,-23.9855330223085,5.339546450964438
T0,NORMAL,CONFIRM,2023-05-01,RecursiveTabular,2023-06-01,-23.9855330223085,36.442527770996094
T0,NORMAL,CONFIRM,2023-05-01,DirectTabular,2023-06-01,-23.9855330223085,8.097299575805664
T0,NORMAL,CONFIRM,2023-05-01,ETS,2023-06-01,-23.9855330223085,0.7832003229891865
T0,NORMAL,CONFIRM,2023-05-01,Theta,2023-06-01,-23.9855330223085,4.323570728302002
T0,NORMAL,CONFIRM,2023-05-01,Chronos2,2023-06-01,-23.9855330223085,1.2689909934997559
T0,NORMAL,CONFIRM,2023-05-01,Toto2,2023-06-01,-23.9855330223085,1.8154973983764648
T0,NORMAL,CONFIRM,2023-05-01,WeightedEnsemble,2023-06-01,-23.9855330223085,3.7591376304626465
T0,NORMAL,CONFIRM,2023-05-01,sifir,2023-06-01,-23.9855330223085,0.0
T0,NORMAL,CONFIRM,2023-05-01,naive,2023-06-01,-23.9855330223085,3.6676838201579134
T0,NORMAL,CONFIRM,2023-05-01,mevsimsel_naive,2023-06-01,-23.9855330223085,5.339546450964438
T0,NORMAL,CONFIRM,2023-05-01,son12_ortalama,2023-06-01,-23.9855330223085,0.8093664071583913
T0,NORMAL,CONFIRM,2023-06-01,SeasonalNaive,2023-07-01,-2.841964799089946,-50.305125616518296
T0,NORMAL,CONFIRM,2023-06-01,RecursiveTabular,2023-07-01,-2.841964799089946,-47.42045974731445
T0,NORMAL,CONFIRM,2023-06-01,DirectTabular,2023-07-01,-2.841964799089946,-0.5744597911834717
T0,NORMAL,CONFIRM,2023-06-01,ETS,2023-07-01,-2.841964799089946,0.3916667029262723
T0,NORMAL,CONFIRM,2023-06-01,Theta,2023-07-01,-2.841964799089946,1.4809237718582153
T0,NORMAL,CONFIRM,2023-06-01,Chronos2,2023-07-01,-2.841964799089946,0.520160436630249
T0,NORMAL,CONFIRM,2023-06-01,Toto2,2023-07-01,-2.841964799089946,1.0378531217575073
T0,NORMAL,CONFIRM,2023-06-01,WeightedEnsemble,2023-07-01,-2.841964799089946,0.3916667029262723
T0,NORMAL,CONFIRM,2023-06-01,sifir,2023-07-01,-2.841964799089946,0.0
T0,NORMAL,CONFIRM,2023-06-01,naive,2023-07-01,-2.841964799089946,-23.9855330223085
T0,NORMAL,CONFIRM,2023-06-01,mevsimsel_naive,2023-07-01,-2.841964799089946,-50.305125616518296
T0,NORMAL,CONFIRM,2023-06-01,son12_ortalama,2023-07-01,-2.841964799089946,-1.6343902156143537
T0,NORMAL,CONFIRM,2023-07-01,SeasonalNaive,2023-08-01,-2.8247738722404736,10.738395515419064
T0,NORMAL,CONFIRM,2023-07-01,RecursiveTabular,2023-08-01,-2.8247738722404736,12.986778259277344
T0,NORMAL,CONFIRM,2023-07-01,DirectTabular,2023-08-01,-2.8247738722404736,10.319246292114258
T0,NORMAL,CONFIRM,2023-07-01,ETS,2023-08-01,-2.8247738722404736,0.351370609022807
T0,NORMAL,CONFIRM,2023-07-01,Theta,2023-08-01,-2.8247738722404736,1.1664001941680908
T0,NORMAL,CONFIRM,2023-07-01,Chronos2,2023-08-01,-2.8247738722404736,0.5291364789009094
T0,NORMAL,CONFIRM,2023-07-01,Toto2,2023-08-01,-2.8247738722404736,1.682056188583374
T0,NORMAL,CONFIRM,2023-07-01,WeightedEnsemble,2023-08-01,-2.8247738722404736,10.319246292114258
T0,NORMAL,CONFIRM,2023-07-01,sifir,2023-08-01,-2.8247738722404736,0.0
T0,NORMAL,CONFIRM,2023-07-01,naive,2023-08-01,-2.8247738722404736,-2.841964799089946
T0,NORMAL,CONFIRM,2023-07-01,mevsimsel_naive,2023-08-01,-2.8247738722404736,10.738395515419064
T0,NORMAL,CONFIRM,2023-07-01,son12_ortalama,2023-08-01,-2.8247738722404736,2.320873185838009
T0,NORMAL,CONFIRM,2023-08-01,SeasonalNaive,2023-09-01,-15.086430180872254,-0.3249684648737773
T0,NORMAL,CONFIRM,2023-08-01,RecursiveTabular,2023-09-01,-15.086430180872254,17.877643585205078
T0,NORMAL,CONFIRM,2023-08-01,DirectTabular,2023-09-01,-15.086430180872254,-3.521578550338745
T0,NORMAL,CONFIRM,2023-08-01,ETS,2023-09-01,-15.086430180872254,0.30176397390036197
T0,NORMAL,CONFIRM,2023-08-01,Theta,2023-09-01,-15.086430180872254,0.8839271068572998
T0,NORMAL,CONFIRM,2023-08-01,Chronos2,2023-09-01,-15.086430180872254,0.14763735234737396
T0,NORMAL,CONFIRM,2023-08-01,Toto2,2023-09-01,-15.086430180872254,-1.2277261018753052
T0,NORMAL,CONFIRM,2023-08-01,WeightedEnsemble,2023-09-01,-15.086430180872254,0.30176397390036197
T0,NORMAL,CONFIRM,2023-08-01,sifir,2023-09-01,-15.086430180872254,0.0
T0,NORMAL,CONFIRM,2023-08-01,naive,2023-09-01,-15.086430180872254,-2.8247738722404736
T0,NORMAL,CONFIRM,2023-08-01,mevsimsel_naive,2023-09-01,-15.086430180872254,-0.3249684648737773
T0,NORMAL,CONFIRM,2023-08-01,son12_ortalama,2023-09-01,-15.086430180872254,1.1906090701997138
T0,NORMAL,CONFIRM,2023-09-01,SeasonalNaive,2023-10-01,-5.411747753329739,4.951722398189759
T0,NORMAL,CONFIRM,2023-09-01,RecursiveTabular,2023-10-01,-5.411747753329739,4.656405448913574
T0,NORMAL,CONFIRM,2023-09-01,DirectTabular,2023-10-01,-5.411747753329739,-0.4597642421722412
T0,NORMAL,CONFIRM,2023-09-01,ETS,2023-10-01,-5.411747753329739,0.1179095100900351
T0,NORMAL,CONFIRM,2023-09-01,Theta,2023-10-01,-5.411747753329739,-0.6728243827819824
T0,NORMAL,CONFIRM,2023-09-01,Chronos2,2023-10-01,-5.411747753329739,0.21461430191993713
T0,NORMAL,CONFIRM,2023-09-01,Toto2,2023-10-01,-5.411747753329739,0.1920498013496399
T0,NORMAL,CONFIRM,2023-09-01,WeightedEnsemble,2023-10-01,-5.411747753329739,0.1920498013496399
T0,NORMAL,CONFIRM,2023-09-01,sifir,2023-10-01,-5.411747753329739,0.0
T0,NORMAL,CONFIRM,2023-09-01,naive,2023-10-01,-5.411747753329739,-15.086430180872254
T0,NORMAL,CONFIRM,2023-09-01,mevsimsel_naive,2023-10-01,-5.411747753329739,4.951722398189759
T0,NORMAL,CONFIRM,2023-09-01,son12_ortalama,2023-10-01,-5.411747753329739,-0.03951273946682532
T0,NORMAL,CONFIRM,2023-10-01,SeasonalNaive,2023-11-01,0.6836670329135736,14.750609145739302
T0,NORMAL,CONFIRM,2023-10-01,RecursiveTabular,2023-11-01,0.6836670329135736,14.510854721069336
T0,NORMAL,CONFIRM,2023-10-01,DirectTabular,2023-11-01,0.6836670329135736,2.509453535079956
T0,NORMAL,CONFIRM,2023-10-01,ETS,2023-11-01,0.6836670329135736,0.04200351880633862
T0,NORMAL,CONFIRM,2023-10-01,Theta,2023-11-01,0.6836670329135736,-1.0514662265777588
T0,NORMAL,CONFIRM,2023-10-01,Chronos2,2023-11-01,0.6836670329135736,0.1370992511510849
T0,NORMAL,CONFIRM,2023-10-01,Toto2,2023-11-01,0.6836670329135736,0.518430233001709
T0,NORMAL,CONFIRM,2023-10-01,WeightedEnsemble,2023-11-01,0.6836670329135736,-1.0514662265777588
T0,NORMAL,CONFIRM,2023-10-01,sifir,2023-11-01,0.6836670329135736,0.0
T0,NORMAL,CONFIRM,2023-10-01,naive,2023-11-01,0.6836670329135736,-5.411747753329739
T0,NORMAL,CONFIRM,2023-10-01,mevsimsel_naive,2023-11-01,0.6836670329135736,14.750609145739302
T0,NORMAL,CONFIRM,2023-10-01,son12_ortalama,2023-11-01,0.6836670329135736,-0.9031352520934505
T0,NORMAL,CONFIRM,2023-11-01,SeasonalNaive,2023-12-01,19.77279579310386,27.55030889485155
T0,NORMAL,CONFIRM,2023-11-01,RecursiveTabular,2023-12-01,19.77279579310386,25.70344352722168
T0,NORMAL,CONFIRM,2023-11-01,DirectTabular,2023-12-01,19.77279579310386,0.00874272920191288
T0,NORMAL,CONFIRM,2023-11-01,ETS,2023-12-01,19.77279579310386,0.003733842852107864
T0,NORMAL,CONFIRM,2023-11-01,Theta,2023-12-01,19.77279579310386,-0.7471010684967041
T0,NORMAL,CONFIRM,2023-11-01,Chronos2,2023-12-01,19.77279579310386,-0.26157960295677185
T0,NORMAL,CONFIRM,2023-11-01,Toto2,2023-12-01,19.77279579310386,-0.458700954914093
T0,NORMAL,CONFIRM,2023-11-01,WeightedEnsemble,2023-12-01,19.77279579310386,-0.29999885630251755
T0,NORMAL,CONFIRM,2023-11-01,sifir,2023-12-01,19.77279579310386,0.0
T0,NORMAL,CONFIRM,2023-11-01,naive,2023-12-01,19.77279579310386,0.6836670329135736
T0,NORMAL,CONFIRM,2023-11-01,mevsimsel_naive,2023-12-01,19.77279579310386,27.55030889485155
T0,NORMAL,CONFIRM,2023-11-01,son12_ortalama,2023-12-01,19.77279579310386,-2.0753804281622608
T0,NORMAL,CONFIRM,2023-12-01,SeasonalNaive,2024-01-01,-3.789774658603178,-16.533604954060525
T0,NORMAL,CONFIRM,2023-12-01,RecursiveTabular,2024-01-01,-3.789774658603178,3.5189857482910156
T0,NORMAL,CONFIRM,2023-12-01,DirectTabular,2024-01-01,-3.789774658603178,13.18204116821289
T0,NORMAL,CONFIRM,2023-12-01,ETS,2024-01-01,-3.789774658603178,0.31020124531410487
T0,NORMAL,CONFIRM,2023-12-01,Theta,2024-01-01,-3.789774658603178,1.5542256832122803
T0,NORMAL,CONFIRM,2023-12-01,Chronos2,2024-01-01,-3.789774658603178,0.12694045901298523
T0,NORMAL,CONFIRM,2023-12-01,Toto2,2024-01-01,-3.789774658603178,0.5715897083282471
T0,NORMAL,CONFIRM,2023-12-01,WeightedEnsemble,2024-01-01,-3.789774658603178,-0.5886241079625947
T0,NORMAL,CONFIRM,2023-12-01,sifir,2024-01-01,-3.789774658603178,0.0
T0,NORMAL,CONFIRM,2023-12-01,naive,2024-01-01,-3.789774658603178,19.77279579310386
T0,NORMAL,CONFIRM,2023-12-01,mevsimsel_naive,2024-01-01,-3.789774658603178,-16.533604954060525
T0,NORMAL,CONFIRM,2023-12-01,son12_ortalama,2024-01-01,-3.789774658603178,-2.7235065199745687
T0,NORMAL,CONFIRM,2024-01-01,SeasonalNaive,2024-02-01,7.749209014338981,-27.31835275881
T0,NORMAL,CONFIRM,2024-01-01,RecursiveTabular,2024-02-01,7.749209014338981,-15.370157241821289
T0,NORMAL,CONFIRM,2024-01-01,DirectTabular,2024-02-01,7.749209014338981,1.6406917572021484
T0,NORMAL,CONFIRM,2024-01-01,ETS,2024-02-01,7.749209014338981,0.24846593902513817
T0,NORMAL,CONFIRM,2024-01-01,Theta,2024-02-01,7.749209014338981,1.1299853324890137
T0,NORMAL,CONFIRM,2024-01-01,Chronos2,2024-02-01,7.749209014338981,-0.044472724199295044
T0,NORMAL,CONFIRM,2024-01-01,Toto2,2024-02-01,7.749209014338981,0.5392765998840332
T0,NORMAL,CONFIRM,2024-01-01,WeightedEnsemble,2024-02-01,7.749209014338981,-4.945858712777493
T0,NORMAL,CONFIRM,2024-01-01,sifir,2024-02-01,7.749209014338981,0.0
T0,NORMAL,CONFIRM,2024-01-01,naive,2024-02-01,7.749209014338981,-3.789774658603178
T0,NORMAL,CONFIRM,2024-01-01,mevsimsel_naive,2024-02-01,7.749209014338981,-27.31835275881
T0,NORMAL,CONFIRM,2024-01-01,son12_ortalama,2024-02-01,7.749209014338981,-1.6615206620197895
T0,NORMAL,CONFIRM,2024-02-01,SeasonalNaive,2024-03-01,1.2104133914463409,40.27100494751775
T0,NORMAL,CONFIRM,2024-02-01,RecursiveTabular,2024-03-01,1.2104133914463409,44.610069274902344
T0,NORMAL,CONFIRM,2024-02-01,DirectTabular,2024-03-01,1.2104133914463409,-0.47845667600631714
T0,NORMAL,CONFIRM,2024-02-01,ETS,2024-03-01,1.2104133914463409,0.35936460093230893
T0,NORMAL,CONFIRM,2024-02-01,Theta,2024-03-01,1.2104133914463409,1.9655978679656982
T0,NORMAL,CONFIRM,2024-02-01,Chronos2,2024-03-01,1.2104133914463409,-0.6675852537155151
T0,NORMAL,CONFIRM,2024-02-01,Toto2,2024-03-01,1.2104133914463409,0.5258309841156006
T0,NORMAL,CONFIRM,2024-02-01,WeightedEnsemble,2024-03-01,1.2104133914463409,1.9655978679656982
T0,NORMAL,CONFIRM,2024-02-01,sifir,2024-03-01,1.2104133914463409,0.0
T0,NORMAL,CONFIRM,2024-02-01,naive,2024-03-01,1.2104133914463409,7.749209014338981
T0,NORMAL,CONFIRM,2024-02-01,mevsimsel_naive,2024-03-01,1.2104133914463409,40.27100494751775
T0,NORMAL,CONFIRM,2024-02-01,son12_ortalama,2024-03-01,1.2104133914463409,1.2607761524092929
T0,NORMAL,CONFIRM,2024-03-01,SeasonalNaive,2024-04-01,-11.890361841629028,-3.074822492676483
T0,NORMAL,CONFIRM,2024-03-01,RecursiveTabular,2024-04-01,-11.890361841629028,4.992338180541992
T0,NORMAL,CONFIRM,2024-03-01,DirectTabular,2024-04-01,-11.890361841629028,-0.5294185876846313
T0,NORMAL,CONFIRM,2024-03-01,ETS,2024-04-01,-11.890361841629028,0.37405487508071533
T0,NORMAL,CONFIRM,2024-03-01,Theta,2024-04-01,-11.890361841629028,2.027686595916748
T0,NORMAL,CONFIRM,2024-03-01,Chronos2,2024-04-01,-11.890361841629028,-0.15904656052589417
T0,NORMAL,CONFIRM,2024-03-01,Toto2,2024-04-01,-11.890361841629028,-0.4197196066379547
T0,NORMAL,CONFIRM,2024-03-01,WeightedEnsemble,2024-04-01,-11.890361841629028,0.7438013876070741
T0,NORMAL,CONFIRM,2024-03-01,sifir,2024-04-01,-11.890361841629028,0.0
T0,NORMAL,CONFIRM,2024-03-01,naive,2024-04-01,-11.890361841629028,1.2104133914463409
T0,NORMAL,CONFIRM,2024-03-01,mevsimsel_naive,2024-04-01,-11.890361841629028,-3.074822492676483
T0,NORMAL,CONFIRM,2024-03-01,son12_ortalama,2024-04-01,-11.890361841629028,-1.994273143929992
T0,NORMAL,CONFIRM,2024-04-01,SeasonalNaive,2024-05-01,13.32602151279732,3.6676838201579134
T0,NORMAL,CONFIRM,2024-04-01,RecursiveTabular,2024-05-01,13.32602151279732,-17.464622497558594
T0,NORMAL,CONFIRM,2024-04-01,DirectTabular,2024-05-01,13.32602151279732,-0.555491030216217
T0,NORMAL,CONFIRM,2024-04-01,ETS,2024-05-01,13.32602151279732,0.1951218076619616
T0,NORMAL,CONFIRM,2024-04-01,Theta,2024-05-01,13.32602151279732,0.7061713933944702
T0,NORMAL,CONFIRM,2024-04-01,Chronos2,2024-05-01,13.32602151279732,0.24459102749824524
T0,NORMAL,CONFIRM,2024-04-01,Toto2,2024-05-01,13.32602151279732,0.6513721942901611
T0,NORMAL,CONFIRM,2024-04-01,WeightedEnsemble,2024-05-01,13.32602151279732,3.6676838201579134
T0,NORMAL,CONFIRM,2024-04-01,sifir,2024-05-01,13.32602151279732,0.0
T0,NORMAL,CONFIRM,2024-04-01,naive,2024-05-01,13.32602151279732,-11.890361841629028
T0,NORMAL,CONFIRM,2024-04-01,mevsimsel_naive,2024-05-01,13.32602151279732,3.6676838201579134
T0,NORMAL,CONFIRM,2024-04-01,son12_ortalama,2024-05-01,13.32602151279732,-2.7289014230093707
T0,NORMAL,CONFIRM,2024-05-01,SeasonalNaive,2024-06-01,-30.09849464291795,-23.9855330223085
T0,NORMAL,CONFIRM,2024-05-01,RecursiveTabular,2024-06-01,-30.09849464291795,-22.845321655273438
T0,NORMAL,CONFIRM,2024-05-01,DirectTabular,2024-06-01,-30.09849464291795,-13.026939392089844
T0,NORMAL,CONFIRM,2024-05-01,ETS,2024-06-01,-30.09849464291795,0.3513941220209048
T0,NORMAL,CONFIRM,2024-05-01,Theta,2024-06-01,-30.09849464291795,2.16611385345459
T0,NORMAL,CONFIRM,2024-05-01,Chronos2,2024-06-01,-30.09849464291795,0.7044476270675659
T0,NORMAL,CONFIRM,2024-05-01,Toto2,2024-06-01,-30.09849464291795,1.1478886604309082
T0,NORMAL,CONFIRM,2024-05-01,WeightedEnsemble,2024-06-01,-30.09849464291795,-23.9855330223085
T0,NORMAL,CONFIRM,2024-05-01,sifir,2024-06-01,-30.09849464291795,0.0
T0,NORMAL,CONFIRM,2024-05-01,naive,2024-06-01,-30.09849464291795,13.32602151279732
T0,NORMAL,CONFIRM,2024-05-01,mevsimsel_naive,2024-06-01,-30.09849464291795,-23.9855330223085
T0,NORMAL,CONFIRM,2024-05-01,son12_ortalama,2024-06-01,-30.09849464291795,-1.9240399486227535
T0,NORMAL,CONFIRM,2024-06-01,SeasonalNaive,2024-07-01,35.52871958489559,-2.841964799089946
T0,NORMAL,CONFIRM,2024-06-01,RecursiveTabular,2024-07-01,35.52871958489559,-3.958189010620117
T0,NORMAL,CONFIRM,2024-06-01,DirectTabular,2024-07-01,35.52871958489559,10.696659088134766
T0,NORMAL,CONFIRM,2024-06-01,ETS,2024-07-01,35.52871958489559,-0.019629663024272923
T0,NORMAL,CONFIRM,2024-06-01,Theta,2024-07-01,35.52871958489559,-1.0672388076782227
T0,NORMAL,CONFIRM,2024-06-01,Chronos2,2024-07-01,35.52871958489559,-0.27197644114494324
T0,NORMAL,CONFIRM,2024-06-01,Toto2,2024-07-01,35.52871958489559,0.6926117539405823
T0,NORMAL,CONFIRM,2024-06-01,WeightedEnsemble,2024-07-01,35.52871958489559,-2.841964799089946
T0,NORMAL,CONFIRM,2024-06-01,sifir,2024-07-01,35.52871958489559,0.0
T0,NORMAL,CONFIRM,2024-06-01,naive,2024-07-01,35.52871958489559,-30.09849464291795
T0,NORMAL,CONFIRM,2024-06-01,mevsimsel_naive,2024-07-01,35.52871958489559,-2.841964799089946
T0,NORMAL,CONFIRM,2024-06-01,son12_ortalama,2024-07-01,35.52871958489559,-2.4334534170068745
T0,NORMAL,CONFIRM,2024-07-01,SeasonalNaive,2024-08-01,-1.29439281921347,-2.8247738722404736
T0,NORMAL,CONFIRM,2024-07-01,RecursiveTabular,2024-08-01,-1.29439281921347,-1.598888635635376
T0,NORMAL,CONFIRM,2024-07-01,DirectTabular,2024-08-01,-1.29439281921347,4.618407249450684
T0,NORMAL,CONFIRM,2024-07-01,ETS,2024-08-01,-1.29439281921347,0.39179196003915595
T0,NORMAL,CONFIRM,2024-07-01,Theta,2024-08-01,-1.29439281921347,2.9081716537475586
T0,NORMAL,CONFIRM,2024-07-01,Chronos2,2024-08-01,-1.29439281921347,0.28203311562538147
T0,NORMAL,CONFIRM,2024-07-01,Toto2,2024-08-01,-1.29439281921347,0.047941505908966064
T0,NORMAL,CONFIRM,2024-07-01,WeightedEnsemble,2024-08-01,-1.29439281921347,0.047941505908966064
T0,NORMAL,CONFIRM,2024-07-01,sifir,2024-08-01,-1.29439281921347,0.0
T0,NORMAL,CONFIRM,2024-07-01,naive,2024-08-01,-1.29439281921347,35.52871958489559
T0,NORMAL,CONFIRM,2024-07-01,mevsimsel_naive,2024-08-01,-1.29439281921347,-2.8247738722404736
T0,NORMAL,CONFIRM,2024-07-01,son12_ortalama,2024-08-01,-1.29439281921347,0.7641036149919204
T0,NORMAL,CONFIRM,2024-08-01,SeasonalNaive,2024-09-01,7.04738061920738,-15.086430180872254
T0,NORMAL,CONFIRM,2024-08-01,RecursiveTabular,2024-09-01,7.04738061920738,-15.806446075439453
T0,NORMAL,CONFIRM,2024-08-01,DirectTabular,2024-09-01,7.04738061920738,2.0241801738739014
T0,NORMAL,CONFIRM,2024-08-01,ETS,2024-09-01,7.04738061920738,0.3916233415612307
T0,NORMAL,CONFIRM,2024-08-01,Theta,2024-09-01,7.04738061920738,2.6147475242614746
T0,NORMAL,CONFIRM,2024-08-01,Chronos2,2024-09-01,7.04738061920738,0.7853026390075684
T0,NORMAL,CONFIRM,2024-08-01,Toto2,2024-09-01,7.04738061920738,0.7331628203392029
T0,NORMAL,CONFIRM,2024-08-01,WeightedEnsemble,2024-09-01,7.04738061920738,-6.660777386748761
T0,NORMAL,CONFIRM,2024-08-01,sifir,2024-09-01,7.04738061920738,0.0
T0,NORMAL,CONFIRM,2024-08-01,naive,2024-09-01,7.04738061920738,-1.29439281921347
T0,NORMAL,CONFIRM,2024-08-01,mevsimsel_naive,2024-09-01,7.04738061920738,-15.086430180872254
T0,NORMAL,CONFIRM,2024-08-01,son12_ortalama,2024-09-01,7.04738061920738,0.891635369410837
T0,NORMAL,CONFIRM,2024-09-01,SeasonalNaive,2024-10-01,3.327580486591171,-5.411747753329739
T0,NORMAL,CONFIRM,2024-09-01,RecursiveTabular,2024-10-01,3.327580486591171,-13.987211227416992
T0,NORMAL,CONFIRM,2024-09-01,DirectTabular,2024-10-01,3.327580486591171,0.8030091524124146
T0,NORMAL,CONFIRM,2024-09-01,ETS,2024-10-01,3.327580486591171,0.5058546216589357
T0,NORMAL,CONFIRM,2024-09-01,Theta,2024-10-01,3.327580486591171,3.222707748413086
T0,NORMAL,CONFIRM,2024-09-01,Chronos2,2024-10-01,3.327580486591171,0.44463491439819336
T0,NORMAL,CONFIRM,2024-09-01,Toto2,2024-10-01,3.327580486591171,0.6208629608154297
T0,NORMAL,CONFIRM,2024-09-01,WeightedEnsemble,2024-10-01,3.327580486591171,3.222707748413086
T0,NORMAL,CONFIRM,2024-09-01,sifir,2024-10-01,3.327580486591171,0.0
T0,NORMAL,CONFIRM,2024-09-01,naive,2024-10-01,3.327580486591171,7.04738061920738
T0,NORMAL,CONFIRM,2024-09-01,mevsimsel_naive,2024-10-01,3.327580486591171,-5.411747753329739
T0,NORMAL,CONFIRM,2024-09-01,son12_ortalama,2024-10-01,3.327580486591171,2.7361196027508066
T0,NORMAL,CONFIRM,2024-10-01,SeasonalNaive,2024-11-01,-7.756517541922955,0.6836670329135736
T0,NORMAL,CONFIRM,2024-10-01,RecursiveTabular,2024-11-01,-7.756517541922955,1.8650567531585693
T0,NORMAL,CONFIRM,2024-10-01,DirectTabular,2024-11-01,-7.756517541922955,-8.750221252441406
T0,NORMAL,CONFIRM,2024-10-01,ETS,2024-11-01,-7.756517541922955,0.5300094875768346
T0,NORMAL,CONFIRM,2024-10-01,Theta,2024-11-01,-7.756517541922955,3.3807716369628906
T0,NORMAL,CONFIRM,2024-10-01,Chronos2,2024-11-01,-7.756517541922955,0.25673338770866394
T0,NORMAL,CONFIRM,2024-10-01,Toto2,2024-11-01,-7.756517541922955,1.1881808042526245
T0,NORMAL,CONFIRM,2024-10-01,WeightedEnsemble,2024-11-01,-7.756517541922955,3.153326300779978
T0,NORMAL,CONFIRM,2024-10-01,sifir,2024-11-01,-7.756517541922955,0.0
T0,NORMAL,CONFIRM,2024-10-01,naive,2024-11-01,-7.756517541922955,3.327580486591171
T0,NORMAL,CONFIRM,2024-10-01,mevsimsel_naive,2024-11-01,-7.756517541922955,0.6836670329135736
T0,NORMAL,CONFIRM,2024-10-01,son12_ortalama,2024-11-01,-7.756517541922955,3.46439695607755
T0,NORMAL,CONFIRM,2024-11-01,SeasonalNaive,2024-12-01,6.704961095125488,19.77279579310386
T0,NORMAL,CONFIRM,2024-11-01,RecursiveTabular,2024-12-01,6.704961095125488,12.848133087158203
T0,NORMAL,CONFIRM,2024-11-01,DirectTabular,2024-12-01,6.704961095125488,0.1719086617231369
T0,NORMAL,CONFIRM,2024-11-01,ETS,2024-12-01,6.704961095125488,0.3917675364470886
T0,NORMAL,CONFIRM,2024-11-01,Theta,2024-12-01,6.704961095125488,2.3666203022003174
T0,NORMAL,CONFIRM,2024-11-01,Chronos2,2024-12-01,6.704961095125488,0.4954298138618469
T0,NORMAL,CONFIRM,2024-11-01,Toto2,2024-12-01,6.704961095125488,0.7250978350639343
T0,NORMAL,CONFIRM,2024-11-01,WeightedEnsemble,2024-12-01,6.704961095125488,0.1719086617231369
T0,NORMAL,CONFIRM,2024-11-01,sifir,2024-12-01,6.704961095125488,0.0
T0,NORMAL,CONFIRM,2024-11-01,naive,2024-12-01,6.704961095125488,-7.756517541922955
T0,NORMAL,CONFIRM,2024-11-01,mevsimsel_naive,2024-12-01,6.704961095125488,19.77279579310386
T0,NORMAL,CONFIRM,2024-11-01,son12_ortalama,2024-12-01,6.704961095125488,2.761048241507839
T0,NORMAL,CONFIRM,2024-12-01,SeasonalNaive,2025-01-01,-19.99837095153764,-3.789774658603178
T0,NORMAL,CONFIRM,2024-12-01,RecursiveTabular,2025-01-01,-19.99837095153764,-18.992990493774414
T0,NORMAL,CONFIRM,2024-12-01,DirectTabular,2025-01-01,-19.99837095153764,-18.975906372070312
T0,NORMAL,CONFIRM,2024-12-01,ETS,2025-01-01,-19.99837095153764,0.4676464556683632
T0,NORMAL,CONFIRM,2024-12-01,Theta,2025-01-01,-19.99837095153764,2.9595327377319336
T0,NORMAL,CONFIRM,2024-12-01,Chronos2,2025-01-01,-19.99837095153764,-2.2245187759399414
T0,NORMAL,CONFIRM,2024-12-01,Toto2,2025-01-01,-19.99837095153764,0.689176082611084
T0,NORMAL,CONFIRM,2024-12-01,WeightedEnsemble,2025-01-01,-19.99837095153764,-18.985894012451173
T0,NORMAL,CONFIRM,2024-12-01,sifir,2025-01-01,-19.99837095153764,0.0
T0,NORMAL,CONFIRM,2024-12-01,naive,2025-01-01,-19.99837095153764,6.704961095125488
T0,NORMAL,CONFIRM,2024-12-01,mevsimsel_naive,2025-01-01,-19.99837095153764,-3.789774658603178
T0,NORMAL,CONFIRM,2024-12-01,son12_ortalama,2025-01-01,-19.99837095153764,1.6720620166763076
T0,NORMAL,CONFIRM,2025-01-01,SeasonalNaive,2025-02-01,-5.767297615654137,7.749209014338981
T0,NORMAL,CONFIRM,2025-01-01,RecursiveTabular,2025-02-01,-5.767297615654137,12.93332290649414
T0,NORMAL,CONFIRM,2025-01-01,DirectTabular,2025-02-01,-5.767297615654137,9.5252046585083
T0,NORMAL,CONFIRM,2025-01-01,ETS,2025-02-01,-5.767297615654137,0.24765835257922367
T0,NORMAL,CONFIRM,2025-01-01,Theta,2025-02-01,-5.767297615654137,0.716558039188385
T0,NORMAL,CONFIRM,2025-01-01,Chronos2,2025-02-01,-5.767297615654137,1.3375177383422852
T0,NORMAL,CONFIRM,2025-01-01,Toto2,2025-02-01,-5.767297615654137,-0.35704994201660156
T0,NORMAL,CONFIRM,2025-01-01,WeightedEnsemble,2025-02-01,-5.767297615654137,11.292377083389848
T0,NORMAL,CONFIRM,2025-01-01,sifir,2025-02-01,-5.767297615654137,0.0
T0,NORMAL,CONFIRM,2025-01-01,naive,2025-02-01,-5.767297615654137,-19.99837095153764
T0,NORMAL,CONFIRM,2025-01-01,mevsimsel_naive,2025-02-01,-5.767297615654137,7.749209014338981
T0,NORMAL,CONFIRM,2025-01-01,son12_ortalama,2025-02-01,-5.767297615654137,0.3213456589317687
T0,NORMAL,CONFIRM,2025-02-01,SeasonalNaive,2025-03-01,6.396736859880686,1.2104133914463409
T0,NORMAL,CONFIRM,2025-02-01,RecursiveTabular,2025-03-01,6.396736859880686,18.09404754638672
T0,NORMAL,CONFIRM,2025-02-01,DirectTabular,2025-03-01,6.396736859880686,7.604938983917236
T0,NORMAL,CONFIRM,2025-02-01,ETS,2025-03-01,6.396736859880686,0.17374747647812688
T0,NORMAL,CONFIRM,2025-02-01,Theta,2025-03-01,6.396736859880686,0.17064568400382996
T0,NORMAL,CONFIRM,2025-02-01,Chronos2,2025-03-01,6.396736859880686,0.4831446707248688
T0,NORMAL,CONFIRM,2025-02-01,Toto2,2025-03-01,6.396736859880686,-0.2309780865907669
T0,NORMAL,CONFIRM,2025-02-01,WeightedEnsemble,2025-03-01,6.396736859880686,-0.2309780865907669
T0,NORMAL,CONFIRM,2025-02-01,sifir,2025-03-01,6.396736859880686,0.0
T0,NORMAL,CONFIRM,2025-02-01,naive,2025-03-01,6.396736859880686,-5.767297615654137
T0,NORMAL,CONFIRM,2025-02-01,mevsimsel_naive,2025-03-01,6.396736859880686,1.2104133914463409
T0,NORMAL,CONFIRM,2025-02-01,son12_ortalama,2025-03-01,6.396736859880686,-0.8050298935676571
T0,NORMAL,CONFIRM,2025-03-01,SeasonalNaive,2025-04-01,14.929726128531914,-11.890361841629028
T0,NORMAL,CONFIRM,2025-03-01,RecursiveTabular,2025-04-01,14.929726128531914,-12.543869972229004
T0,NORMAL,CONFIRM,2025-03-01,DirectTabular,2025-04-01,14.929726128531914,-0.46984216570854187
T0,NORMAL,CONFIRM,2025-03-01,ETS,2025-04-01,14.929726128531914,0.24767182498269014
T0,NORMAL,CONFIRM,2025-03-01,Theta,2025-04-01,14.929726128531914,0.9435428380966187
T0,NORMAL,CONFIRM,2025-03-01,Chronos2,2025-04-01,14.929726128531914,0.31652581691741943
T0,NORMAL,CONFIRM,2025-03-01,Toto2,2025-04-01,14.929726128531914,0.09887504577636719
T0,NORMAL,CONFIRM,2025-03-01,WeightedEnsemble,2025-04-01,14.929726128531914,-12.339648681416511
T0,NORMAL,CONFIRM,2025-03-01,sifir,2025-04-01,14.929726128531914,0.0
T0,NORMAL,CONFIRM,2025-03-01,naive,2025-04-01,14.929726128531914,6.396736859880686
T0,NORMAL,CONFIRM,2025-03-01,mevsimsel_naive,2025-04-01,14.929726128531914,-11.890361841629028
T0,NORMAL,CONFIRM,2025-03-01,son12_ortalama,2025-04-01,14.929726128531914,-0.3728362711981286
T0,NORMAL,CONFIRM,2025-04-01,SeasonalNaive,2025-05-01,0.192994740536437,13.32602151279732
T0,NORMAL,CONFIRM,2025-04-01,RecursiveTabular,2025-05-01,0.192994740536437,14.398075103759766
T0,NORMAL,CONFIRM,2025-04-01,DirectTabular,2025-05-01,0.192994740536437,-0.6802021861076355
T0,NORMAL,CONFIRM,2025-04-01,ETS,2025-05-01,0.192994740536437,0.391798650509071
T0,NORMAL,CONFIRM,2025-04-01,Theta,2025-05-01,0.192994740536437,2.5284385681152344
T0,NORMAL,CONFIRM,2025-04-01,Chronos2,2025-05-01,0.192994740536437,0.704439103603363
T0,NORMAL,CONFIRM,2025-04-01,Toto2,2025-05-01,0.192994740536437,1.3184583187103271
T0,NORMAL,CONFIRM,2025-04-01,WeightedEnsemble,2025-05-01,0.192994740536437,2.5284385681152344
T0,NORMAL,CONFIRM,2025-04-01,sifir,2025-05-01,0.192994740536437,0.0
T0,NORMAL,CONFIRM,2025-04-01,naive,2025-05-01,0.192994740536437,14.929726128531914
T0,NORMAL,CONFIRM,2025-04-01,mevsimsel_naive,2025-05-01,0.192994740536437,13.32602151279732
T0,NORMAL,CONFIRM,2025-04-01,son12_ortalama,2025-05-01,0.192994740536437,1.8621710596486165
T0,NORMAL,CONFIRM,2025-05-01,SeasonalNaive,2025-06-01,-14.270827490454112,-30.09849464291795
T0,NORMAL,CONFIRM,2025-05-01,RecursiveTabular,2025-06-01,-14.270827490454112,-32.05757141113281
T0,NORMAL,CONFIRM,2025-05-01,DirectTabular,2025-06-01,-14.270827490454112,-0.4666438698768616
T0,NORMAL,CONFIRM,2025-05-01,ETS,2025-06-01,-14.270827490454112,0.3917787701180737
T0,NORMAL,CONFIRM,2025-05-01,Theta,2025-06-01,-14.270827490454112,2.4232640266418457
T0,NORMAL,CONFIRM,2025-05-01,Chronos2,2025-06-01,-14.270827490454112,-2.050888776779175
T0,NORMAL,CONFIRM,2025-05-01,Toto2,2025-06-01,-14.270827490454112,0.3124646544456482
T0,NORMAL,CONFIRM,2025-05-01,WeightedEnsemble,2025-06-01,-14.270827490454112,0.3917787701180737
T0,NORMAL,CONFIRM,2025-05-01,sifir,2025-06-01,-14.270827490454112,0.0
T0,NORMAL,CONFIRM,2025-05-01,naive,2025-06-01,-14.270827490454112,0.192994740536437
T0,NORMAL,CONFIRM,2025-05-01,mevsimsel_naive,2025-06-01,-14.270827490454112,-30.09849464291795
T0,NORMAL,CONFIRM,2025-05-01,son12_ortalama,2025-06-01,-14.270827490454112,0.7677521619602096
T1,SOK,SELECT,2020-02-01,SeasonalNaive,2020-03-01,-19.716800199477632,19.550627831690264
T1,SOK,SELECT,2020-02-01,RecursiveTabular,2020-03-01,-19.716800199477632,25.4017391204834
T1,SOK,SELECT,2020-02-01,DirectTabular,2020-03-01,-19.716800199477632,2.1973824501037598
T1,SOK,SELECT,2020-02-01,ETS,2020-03-01,-19.716800199477632,1.284315889018015
T1,SOK,SELECT,2020-02-01,Theta,2020-03-01,-19.716800199477632,2.8567070960998535
T1,SOK,SELECT,2020-02-01,Chronos2,2020-03-01,-19.716800199477632,-1.192814826965332
T1,SOK,SELECT,2020-02-01,Toto2,2020-03-01,-19.716800199477632,0.4245193600654602
T1,SOK,SELECT,2020-02-01,WeightedEnsemble,2020-03-01,-19.716800199477632,1.284315889018015
T1,SOK,SELECT,2020-02-01,sifir,2020-03-01,-19.716800199477632,0.0
T1,SOK,SELECT,2020-02-01,naive,2020-03-01,-19.716800199477632,-2.814683920368756
T1,SOK,SELECT,2020-02-01,mevsimsel_naive,2020-03-01,-19.716800199477632,19.550627831690264
T1,SOK,SELECT,2020-02-01,son12_ortalama,2020-03-01,-19.716800199477632,4.059560239017949
T1,SOK,SELECT,2020-03-01,SeasonalNaive,2020-04-01,-77.18045079689757,2.4962075247900883
T1,SOK,SELECT,2020-03-01,RecursiveTabular,2020-04-01,-77.18045079689757,6.316833019256592
T1,SOK,SELECT,2020-03-01,DirectTabular,2020-04-01,-77.18045079689757,1.482555627822876
T1,SOK,SELECT,2020-03-01,ETS,2020-04-01,-77.18045079689757,0.46736191758239887
T1,SOK,SELECT,2020-03-01,Theta,2020-04-01,-77.18045079689757,-0.08545650541782379
T1,SOK,SELECT,2020-03-01,Chronos2,2020-04-01,-77.18045079689757,6.885363578796387
T1,SOK,SELECT,2020-03-01,Toto2,2020-04-01,-77.18045079689757,0.17424380779266357
T1,SOK,SELECT,2020-03-01,WeightedEnsemble,2020-04-01,-77.18045079689757,6.885363578796387
T1,SOK,SELECT,2020-03-01,sifir,2020-04-01,-77.18045079689757,0.0
T1,SOK,SELECT,2020-03-01,naive,2020-04-01,-77.18045079689757,-19.716800199477632
T1,SOK,SELECT,2020-03-01,mevsimsel_naive,2020-04-01,-77.18045079689757,2.4962075247900883
T1,SOK,SELECT,2020-03-01,son12_ortalama,2020-04-01,-77.18045079689757,0.7872745697539578
T1,SOK,SELECT,2020-04-01,SeasonalNaive,2020-05-01,49.80176895789852,10.175355107053967
T1,SOK,SELECT,2020-04-01,RecursiveTabular,2020-05-01,49.80176895789852,12.197011947631836
T1,SOK,SELECT,2020-04-01,DirectTabular,2020-05-01,49.80176895789852,1.542937994003296
T1,SOK,SELECT,2020-04-01,ETS,2020-05-01,49.80176895789852,-2.439944268281161
T1,SOK,SELECT,2020-04-01,Theta,2020-05-01,49.80176895789852,-10.143741607666016
T1,SOK,SELECT,2020-04-01,Chronos2,2020-05-01,49.80176895789852,-15.516508102416992
T1,SOK,SELECT,2020-04-01,Toto2,2020-05-01,49.80176895789852,-21.837583541870117
T1,SOK,SELECT,2020-04-01,WeightedEnsemble,2020-05-01,49.80176895789852,-10.143741607666016
T1,SOK,SELECT,2020-04-01,sifir,2020-05-01,49.80176895789852,0.0
T1,SOK,SELECT,2020-04-01,naive,2020-05-01,49.80176895789852,-77.18045079689757
T1,SOK,SELECT,2020-04-01,mevsimsel_naive,2020-05-01,49.80176895789852,10.175355107053967
T1,SOK,SELECT,2020-04-01,son12_ortalama,2020-05-01,49.80176895789852,-5.852446957053348
T1,SOK,SELECT,2020-05-01,SeasonalNaive,2020-06-01,70.59594255098482,-25.943088968283305
T1,SOK,SELECT,2020-05-01,RecursiveTabular,2020-06-01,70.59594255098482,-20.75942039489746
T1,SOK,SELECT,2020-05-01,DirectTabular,2020-06-01,70.59594255098482,0.5041344165802002
T1,SOK,SELECT,2020-05-01,ETS,2020-06-01,70.59594255098482,-0.5693113926279209
T1,SOK,SELECT,2020-05-01,Theta,2020-06-01,70.59594255098482,-2.1544392108917236
T1,SOK,SELECT,2020-05-01,Chronos2,2020-06-01,70.59594255098482,-17.833219528198242
T1,SOK,SELECT,2020-05-01,Toto2,2020-06-01,70.59594255098482,-10.433293342590332
T1,SOK,SELECT,2020-05-01,WeightedEnsemble,2020-06-01,70.59594255098482,-20.75942039489746
T1,SOK,SELECT,2020-05-01,sifir,2020-06-01,70.59594255098482,0.0
T1,SOK,SELECT,2020-05-01,naive,2020-06-01,70.59594255098482,49.80176895789852
T1,SOK,SELECT,2020-05-01,mevsimsel_naive,2020-06-01,70.59594255098482,-25.943088968283305
T1,SOK,SELECT,2020-05-01,son12_ortalama,2020-06-01,70.59594255098482,-2.5502458028163013
T1,SOK,SELECT,2020-06-01,SeasonalNaive,2020-07-01,-6.925663201609406,25.626596932305613
T1,SOK,SELECT,2020-06-01,RecursiveTabular,2020-07-01,-6.925663201609406,27.322057723999023
T1,SOK,SELECT,2020-06-01,DirectTabular,2020-07-01,-6.925663201609406,-2.7238714694976807
T1,SOK,SELECT,2020-06-01,ETS,2020-07-01,-6.925663201609406,1.917405015794088
T1,SOK,SELECT,2020-06-01,Theta,2020-07-01,-6.925663201609406,7.666126251220703
T1,SOK,SELECT,2020-06-01,Chronos2,2020-07-01,-6.925663201609406,1.7168042659759521
T1,SOK,SELECT,2020-06-01,Toto2,2020-07-01,-6.925663201609406,10.753110885620117
T1,SOK,SELECT,2020-06-01,WeightedEnsemble,2020-07-01,-6.925663201609406,1.917405015794088
T1,SOK,SELECT,2020-06-01,sifir,2020-07-01,-6.925663201609406,0.0
T1,SOK,SELECT,2020-06-01,naive,2020-07-01,-6.925663201609406,70.59594255098482
T1,SOK,SELECT,2020-06-01,mevsimsel_naive,2020-07-01,-6.925663201609406,25.626596932305613
T1,SOK,SELECT,2020-06-01,son12_ortalama,2020-07-01,-6.925663201609406,5.494673490456042
T1,SOK,SELECT,2020-07-01,SeasonalNaive,2020-08-01,-20.22095299059261,-15.104299200425844
T1,SOK,SELECT,2020-07-01,RecursiveTabular,2020-08-01,-20.22095299059261,-17.75910758972168
T1,SOK,SELECT,2020-07-01,DirectTabular,2020-08-01,-20.22095299059261,-0.5391477942466736
T1,SOK,SELECT,2020-07-01,ETS,2020-08-01,-20.22095299059261,1.582576074740409
T1,SOK,SELECT,2020-07-01,Theta,2020-08-01,-20.22095299059261,6.096525192260742
T1,SOK,SELECT,2020-07-01,Chronos2,2020-08-01,-20.22095299059261,-8.612776756286621
T1,SOK,SELECT,2020-07-01,Toto2,2020-08-01,-20.22095299059261,-2.0716609954833984
T1,SOK,SELECT,2020-07-01,WeightedEnsemble,2020-08-01,-20.22095299059261,-0.5391477942466736
T1,SOK,SELECT,2020-07-01,sifir,2020-08-01,-20.22095299059261,0.0
T1,SOK,SELECT,2020-07-01,naive,2020-08-01,-20.22095299059261,-6.925663201609406
T1,SOK,SELECT,2020-07-01,mevsimsel_naive,2020-08-01,-20.22095299059261,-15.104299200425844
T1,SOK,SELECT,2020-07-01,son12_ortalama,2020-08-01,-20.22095299059261,2.7819851459631235
T1,SOK,SELECT,2020-08-01,SeasonalNaive,2020-09-01,9.408234654401094,27.775313505407656
T1,SOK,SELECT,2020-08-01,RecursiveTabular,2020-09-01,9.408234654401094,32.45137405395508
T1,SOK,SELECT,2020-08-01,DirectTabular,2020-09-01,9.408234654401094,1.9168661832809448
T1,SOK,SELECT,2020-08-01,ETS,2020-09-01,9.408234654401094,0.9153508685989188
T1,SOK,SELECT,2020-08-01,Theta,2020-09-01,9.408234654401094,3.0145957469940186
T1,SOK,SELECT,2020-08-01,Chronos2,2020-09-01,9.408234654401094,-0.19833487272262573
T1,SOK,SELECT,2020-08-01,Toto2,2020-09-01,9.408234654401094,0.9133608937263489
T1,SOK,SELECT,2020-08-01,WeightedEnsemble,2020-09-01,9.408234654401094,27.775313505407656
T1,SOK,SELECT,2020-08-01,sifir,2020-09-01,9.408234654401094,0.0
T1,SOK,SELECT,2020-08-01,naive,2020-09-01,9.408234654401094,-20.22095299059261
T1,SOK,SELECT,2020-08-01,mevsimsel_naive,2020-09-01,9.408234654401094,27.775313505407656
T1,SOK,SELECT,2020-08-01,son12_ortalama,2020-09-01,9.408234654401094,2.355597330115893
T1,SOK,SELECT,2020-09-01,SeasonalNaive,2020-10-01,-10.335965571611636,13.95616299850194
T1,SOK,SELECT,2020-09-01,RecursiveTabular,2020-10-01,-10.335965571611636,15.966090202331543
T1,SOK,SELECT,2020-09-01,DirectTabular,2020-10-01,-10.335965571611636,1.5871038436889648
T1,SOK,SELECT,2020-09-01,ETS,2020-10-01,-10.335965571611636,1.1573698655926095
T1,SOK,SELECT,2020-09-01,Theta,2020-10-01,-10.335965571611636,4.009187698364258
T1,SOK,SELECT,2020-09-01,Chronos2,2020-10-01,-10.335965571611636,-8.833440780639648
T1,SOK,SELECT,2020-09-01,Toto2,2020-10-01,-10.335965571611636,1.2383002042770386
T1,SOK,SELECT,2020-09-01,WeightedEnsemble,2020-10-01,-10.335965571611636,4.657352260837085
T1,SOK,SELECT,2020-09-01,sifir,2020-10-01,-10.335965571611636,0.0
T1,SOK,SELECT,2020-09-01,naive,2020-10-01,-10.335965571611636,9.408234654401094
T1,SOK,SELECT,2020-09-01,mevsimsel_naive,2020-10-01,-10.335965571611636,13.95616299850194
T1,SOK,SELECT,2020-09-01,son12_ortalama,2020-10-01,-10.335965571611636,0.825007425865346
T1,SOK,SELECT,2020-10-01,SeasonalNaive,2020-11-01,-24.71378643217448,0.7049748855711863
T1,SOK,SELECT,2020-10-01,RecursiveTabular,2020-11-01,-24.71378643217448,2.097625255584717
T1,SOK,SELECT,2020-10-01,DirectTabular,2020-11-01,-24.71378643217448,0.8946433663368225
T1,SOK,SELECT,2020-10-01,ETS,2020-11-01,-24.71378643217448,0.8140104525885115
T1,SOK,SELECT,2020-10-01,Theta,2020-11-01,-24.71378643217448,2.4228837490081787
T1,SOK,SELECT,2020-10-01,Chronos2,2020-11-01,-24.71378643217448,2.1248323917388916
T1,SOK,SELECT,2020-10-01,Toto2,2020-11-01,-24.71378643217448,0.9024906158447266
T1,SOK,SELECT,2020-10-01,WeightedEnsemble,2020-11-01,-24.71378643217448,2.1248323917388916
T1,SOK,SELECT,2020-10-01,sifir,2020-11-01,-24.71378643217448,0.0
T1,SOK,SELECT,2020-10-01,naive,2020-11-01,-24.71378643217448,-10.335965571611636
T1,SOK,SELECT,2020-10-01,mevsimsel_naive,2020-11-01,-24.71378643217448,0.7049748855711863
T1,SOK,SELECT,2020-10-01,son12_ortalama,2020-11-01,-24.71378643217448,-1.1993366216441184
T1,SOK,SELECT,2020-11-01,SeasonalNaive,2020-12-01,-26.59472251283588,9.88311102405166
T1,SOK,SELECT,2020-11-01,RecursiveTabular,2020-12-01,-26.59472251283588,10.285274505615234
T1,SOK,SELECT,2020-11-01,DirectTabular,2020-12-01,-26.59472251283588,1.1884284019470215
T1,SOK,SELECT,2020-11-01,ETS,2020-12-01,-26.59472251283588,0.09829488460432853
T1,SOK,SELECT,2020-11-01,Theta,2020-12-01,-26.59472251283588,-0.7495628595352173
T1,SOK,SELECT,2020-11-01,Chronos2,2020-12-01,-26.59472251283588,1.2060109376907349
T1,SOK,SELECT,2020-11-01,Toto2,2020-12-01,-26.59472251283588,0.0054012686014175415
T1,SOK,SELECT,2020-11-01,WeightedEnsemble,2020-12-01,-26.59472251283588,9.88311102405166
T1,SOK,SELECT,2020-11-01,sifir,2020-12-01,-26.59472251283588,0.0
T1,SOK,SELECT,2020-11-01,naive,2020-12-01,-26.59472251283588,-24.71378643217448
T1,SOK,SELECT,2020-11-01,mevsimsel_naive,2020-12-01,-26.59472251283588,9.88311102405166
T1,SOK,SELECT,2020-11-01,son12_ortalama,2020-12-01,-26.59472251283588,-3.317566731456257
T1,SOK,SELECT,2020-12-01,SeasonalNaive,2021-01-01,-16.72519933077777,-17.591554852079078
T1,SOK,SELECT,2020-12-01,RecursiveTabular,2021-01-01,-16.72519933077777,-18.785079956054688
T1,SOK,SELECT,2020-12-01,DirectTabular,2021-01-01,-16.72519933077777,0.8362072110176086
T1,SOK,SELECT,2020-12-01,ETS,2021-01-01,-16.72519933077777,-0.6654050077953271
T1,SOK,SELECT,2020-12-01,Theta,2021-01-01,-16.72519933077777,-3.805147647857666
T1,SOK,SELECT,2020-12-01,Chronos2,2021-01-01,-16.72519933077777,-1.6993361711502075
T1,SOK,SELECT,2020-12-01,Toto2,2021-01-01,-16.72519933077777,-1.111402988433838
T1,SOK,SELECT,2020-12-01,WeightedEnsemble,2021-01-01,-16.72519933077777,-3.805147647857666
T1,SOK,SELECT,2020-12-01,sifir,2021-01-01,-16.72519933077777,0.0
T1,SOK,SELECT,2020-12-01,naive,2021-01-01,-16.72519933077777,-26.59472251283588
T1,SOK,SELECT,2020-12-01,mevsimsel_naive,2021-01-01,-16.72519933077777,-17.591554852079078
T1,SOK,SELECT,2020-12-01,son12_ortalama,2021-01-01,-16.72519933077777,-6.3573861928635536
T1,SOK,SELECT,2021-01-01,SeasonalNaive,2021-02-01,6.848962744626588,-2.814683920368756
T1,SOK,SELECT,2021-01-01,RecursiveTabular,2021-02-01,6.848962744626588,-3.530916690826416
T1,SOK,SELECT,2021-01-01,DirectTabular,2021-02-01,6.848962744626588,0.07083369046449661
T1,SOK,SELECT,2021-01-01,ETS,2021-02-01,6.848962744626588,-1.1187466382704478
T1,SOK,SELECT,2021-01-01,Theta,2021-02-01,6.848962744626588,-5.339753150939941
T1,SOK,SELECT,2021-01-01,Chronos2,2021-02-01,6.848962744626588,9.92466926574707
T1,SOK,SELECT,2021-01-01,Toto2,2021-02-01,6.848962744626588,-3.0482940673828125
T1,SOK,SELECT,2021-01-01,WeightedEnsemble,2021-02-01,6.848962744626588,-3.2243969407895
T1,SOK,SELECT,2021-01-01,sifir,2021-02-01,6.848962744626588,0.0
T1,SOK,SELECT,2021-01-01,naive,2021-02-01,6.848962744626588,-16.72519933077777
T1,SOK,SELECT,2021-01-01,mevsimsel_naive,2021-02-01,6.848962744626588,-2.814683920368756
T1,SOK,SELECT,2021-01-01,son12_ortalama,2021-02-01,6.848962744626588,-6.285189899421776
T1,SOK,SELECT,2021-02-01,SeasonalNaive,2021-03-01,35.55604124572647,-19.716800199477632
T1,SOK,SELECT,2021-02-01,RecursiveTabular,2021-03-01,35.55604124572647,-21.606142044067383
T1,SOK,SELECT,2021-02-01,DirectTabular,2021-03-01,35.55604124572647,-0.679963231086731
T1,SOK,SELECT,2021-02-01,ETS,2021-03-01,35.55604124572647,-0.9296660715884606
T1,SOK,SELECT,2021-02-01,Theta,2021-03-01,35.55604124572647,-3.8631973266601562
T1,SOK,SELECT,2021-02-01,Chronos2,2021-03-01,35.55604124572647,10.728841781616211
T1,SOK,SELECT,2021-02-01,Toto2,2021-03-01,35.55604124572647,-2.041962146759033
T1,SOK,SELECT,2021-02-01,WeightedEnsemble,2021-03-01,35.55604124572647,7.421942068182903
T1,SOK,SELECT,2021-02-01,sifir,2021-03-01,35.55604124572647,0.0
T1,SOK,SELECT,2021-02-01,naive,2021-03-01,35.55604124572647,6.848962744626588
T1,SOK,SELECT,2021-02-01,mevsimsel_naive,2021-03-01,35.55604124572647,-19.716800199477632
T1,SOK,SELECT,2021-02-01,son12_ortalama,2021-03-01,35.55604124572647,-5.479886010672164
T1,SOK,SELECT,2021-03-01,SeasonalNaive,2021-04-01,-10.883147152664586,-77.18045079689757
T1,SOK,SELECT,2021-03-01,RecursiveTabular,2021-04-01,-10.883147152664586,-77.23905944824219
T1,SOK,SELECT,2021-03-01,DirectTabular,2021-04-01,-10.883147152664586,-1.1708091497421265
T1,SOK,SELECT,2021-03-01,ETS,2021-04-01,-10.883147152664586,0.042199524037357064
T1,SOK,SELECT,2021-03-01,Theta,2021-04-01,-10.883147152664586,0.9299031496047974
T1,SOK,SELECT,2021-03-01,Chronos2,2021-04-01,-10.883147152664586,-5.627056121826172
T1,SOK,SELECT,2021-03-01,Toto2,2021-04-01,-10.883147152664586,-0.08149439096450806
T1,SOK,SELECT,2021-03-01,WeightedEnsemble,2021-04-01,-10.883147152664586,-5.627056121826172
T1,SOK,SELECT,2021-03-01,sifir,2021-04-01,-10.883147152664586,0.0
T1,SOK,SELECT,2021-03-01,naive,2021-04-01,-10.883147152664586,35.55604124572647
T1,SOK,SELECT,2021-03-01,mevsimsel_naive,2021-04-01,-10.883147152664586,-77.18045079689757
T1,SOK,SELECT,2021-03-01,son12_ortalama,2021-04-01,-10.883147152664586,-0.873815890238489
T1,SOK,SELECT,2021-04-01,SeasonalNaive,2021-05-01,-29.32672993932633,49.80176895789852
T1,SOK,SELECT,2021-04-01,RecursiveTabular,2021-05-01,-29.32672993932633,50.37023162841797
T1,SOK,SELECT,2021-04-01,DirectTabular,2021-05-01,-29.32672993932633,-0.9120733737945557
T1,SOK,SELECT,2021-04-01,ETS,2021-05-01,-29.32672993932633,-0.27222395216173895
T1,SOK,SELECT,2021-04-01,Theta,2021-05-01,-29.32672993932633,-0.33335065841674805
T1,SOK,SELECT,2021-04-01,Chronos2,2021-05-01,-29.32672993932633,2.312365770339966
T1,SOK,SELECT,2021-04-01,Toto2,2021-05-01,-29.32672993932633,-2.7425248622894287
T1,SOK,SELECT,2021-04-01,WeightedEnsemble,2021-05-01,-29.32672993932633,6.24129690057122
T1,SOK,SELECT,2021-04-01,sifir,2021-05-01,-29.32672993932633,0.0
T1,SOK,SELECT,2021-04-01,naive,2021-05-01,-29.32672993932633,-10.883147152664586
T1,SOK,SELECT,2021-04-01,mevsimsel_naive,2021-05-01,-29.32672993932633,49.80176895789852
T1,SOK,SELECT,2021-04-01,son12_ortalama,2021-05-01,-29.32672993932633,4.650959413447594
T1,SOK,SELECT,2021-05-01,SeasonalNaive,2021-06-01,64.34681589174947,70.59594255098482
T1,SOK,SELECT,2021-05-01,RecursiveTabular,2021-06-01,64.34681589174947,67.91715240478516
T1,SOK,SELECT,2021-05-01,DirectTabular,2021-06-01,64.34681589174947,0.04003414139151573
T1,SOK,SELECT,2021-05-01,ETS,2021-06-01,64.34681589174947,-0.9467102427822142
T1,SOK,SELECT,2021-05-01,Theta,2021-06-01,64.34681589174947,-3.6161277294158936
T1,SOK,SELECT,2021-05-01,Chronos2,2021-06-01,64.34681589174947,4.449464797973633
T1,SOK,SELECT,2021-05-01,Toto2,2021-06-01,64.34681589174947,-1.6951953172683716
T1,SOK,SELECT,2021-05-01,WeightedEnsemble,2021-06-01,64.34681589174947,-1.6951953172683716
T1,SOK,SELECT,2021-05-01,sifir,2021-06-01,64.34681589174947,0.0
T1,SOK,SELECT,2021-05-01,naive,2021-06-01,64.34681589174947,-29.32672993932633
T1,SOK,SELECT,2021-05-01,mevsimsel_naive,2021-06-01,64.34681589174947,70.59594255098482
T1,SOK,SELECT,2021-05-01,son12_ortalama,2021-06-01,64.34681589174947,-1.9430821613211442
T1,SOK,SELECT,2021-06-01,SeasonalNaive,2021-07-01,-21.136747557930065,-6.925663201609406
T1,SOK,SELECT,2021-06-01,RecursiveTabular,2021-07-01,-21.136747557930065,-4.315018177032471
T1,SOK,SELECT,2021-06-01,DirectTabular,2021-07-01,-21.136747557930065,-0.25685808062553406
T1,SOK,SELECT,2021-06-01,ETS,2021-07-01,-21.136747557930065,0.6442166716834551
T1,SOK,SELECT,2021-06-01,Theta,2021-07-01,-21.136747557930065,4.505191802978516
T1,SOK,SELECT,2021-06-01,Chronos2,2021-07-01,-21.136747557930065,1.1512829065322876
T1,SOK,SELECT,2021-06-01,Toto2,2021-07-01,-21.136747557930065,-0.12817323207855225
T1,SOK,SELECT,2021-06-01,WeightedEnsemble,2021-07-01,-21.136747557930065,-5.196436987484235
T1,SOK,SELECT,2021-06-01,sifir,2021-07-01,-21.136747557930065,0.0
T1,SOK,SELECT,2021-06-01,naive,2021-07-01,-21.136747557930065,64.34681589174947
T1,SOK,SELECT,2021-06-01,mevsimsel_naive,2021-07-01,-21.136747557930065,-6.925663201609406
T1,SOK,SELECT,2021-06-01,son12_ortalama,2021-07-01,-21.136747557930065,-2.4638427162574223
T1,SOK,SELECT,2021-07-01,SeasonalNaive,2021-08-01,16.451898507805947,-20.22095299059261
T1,SOK,SELECT,2021-07-01,RecursiveTabular,2021-08-01,16.451898507805947,-20.742000579833984
T1,SOK,SELECT,2021-07-01,DirectTabular,2021-08-01,16.451898507805947,-1.0819367170333862
T1,SOK,SELECT,2021-07-01,ETS,2021-08-01,16.451898507805947,0.11803969921894952
T1,SOK,SELECT,2021-07-01,Theta,2021-08-01,16.451898507805947,1.7455933094024658
T1,SOK,SELECT,2021-07-01,Chronos2,2021-08-01,16.451898507805947,7.958526134490967
T1,SOK,SELECT,2021-07-01,Toto2,2021-08-01,16.451898507805947,-0.7081618309020996
T1,SOK,SELECT,2021-07-01,WeightedEnsemble,2021-08-01,16.451898507805947,-20.742000579833984
T1,SOK,SELECT,2021-07-01,sifir,2021-08-01,16.451898507805947,0.0
T1,SOK,SELECT,2021-07-01,naive,2021-08-01,16.451898507805947,-21.136747557930065
T1,SOK,SELECT,2021-07-01,mevsimsel_naive,2021-08-01,16.451898507805947,-20.22095299059261
T1,SOK,SELECT,2021-07-01,son12_ortalama,2021-08-01,16.451898507805947,-3.648099745950811
T1,SOK,SELECT,2021-08-01,SeasonalNaive,2021-09-01,8.279747176280907,9.408234654401094
T1,SOK,SELECT,2021-08-01,RecursiveTabular,2021-09-01,8.279747176280907,10.348268508911133
T1,SOK,SELECT,2021-08-01,DirectTabular,2021-09-01,8.279747176280907,-3.7239136695861816
T1,SOK,SELECT,2021-08-01,ETS,2021-09-01,8.279747176280907,0.4674665605950623
T1,SOK,SELECT,2021-08-01,Theta,2021-09-01,8.279747176280907,3.604522228240967
T1,SOK,SELECT,2021-08-01,Chronos2,2021-09-01,8.279747176280907,-2.3916985988616943
T1,SOK,SELECT,2021-08-01,Toto2,2021-09-01,8.279747176280907,0.44562527537345886
T1,SOK,SELECT,2021-08-01,WeightedEnsemble,2021-09-01,8.279747176280907,-2.3916985988616943
T1,SOK,SELECT,2021-08-01,sifir,2021-09-01,8.279747176280907,0.0
T1,SOK,SELECT,2021-08-01,naive,2021-09-01,8.279747176280907,16.451898507805947
T1,SOK,SELECT,2021-08-01,mevsimsel_naive,2021-09-01,8.279747176280907,9.408234654401094
T1,SOK,SELECT,2021-08-01,son12_ortalama,2021-09-01,8.279747176280907,-0.5920287877509306
T1,SOK,SELECT,2021-09-01,SeasonalNaive,2021-10-01,5.65167614073621,-10.335965571611636
T1,SOK,SELECT,2021-09-01,RecursiveTabular,2021-10-01,5.65167614073621,-11.097997665405273
T1,SOK,SELECT,2021-09-01,DirectTabular,2021-10-01,5.65167614073621,-0.4306753873825073
T1,SOK,SELECT,2021-09-01,ETS,2021-10-01,5.65167614073621,0.6251246185212583
T1,SOK,SELECT,2021-09-01,Theta,2021-10-01,5.65167614073621,4.3260297775268555
T1,SOK,SELECT,2021-09-01,Chronos2,2021-10-01,5.65167614073621,-0.40525954961776733
T1,SOK,SELECT,2021-09-01,Toto2,2021-10-01,5.65167614073621,0.8612621426582336
T1,SOK,SELECT,2021-09-01,WeightedEnsemble,2021-10-01,5.65167614073621,-9.233707583663953
T1,SOK,SELECT,2021-09-01,sifir,2021-10-01,5.65167614073621,0.0
T1,SOK,SELECT,2021-09-01,naive,2021-10-01,5.65167614073621,8.279747176280907
T1,SOK,SELECT,2021-09-01,mevsimsel_naive,2021-10-01,5.65167614073621,-10.335965571611636
T1,SOK,SELECT,2021-09-01,son12_ortalama,2021-10-01,5.65167614073621,-0.6860694109276132
T1,SOK,SELECT,2021-10-01,SeasonalNaive,2021-11-01,25.39849685931456,-24.71378643217448
T1,SOK,SELECT,2021-10-01,RecursiveTabular,2021-11-01,25.39849685931456,-23.76774787902832
T1,SOK,SELECT,2021-10-01,DirectTabular,2021-11-01,25.39849685931456,-0.01297374814748764
T1,SOK,SELECT,2021-10-01,ETS,2021-11-01,25.39849685931456,0.706375022377902
T1,SOK,SELECT,2021-10-01,Theta,2021-11-01,25.39849685931456,4.670365333557129
T1,SOK,SELECT,2021-10-01,Chronos2,2021-11-01,25.39849685931456,-0.8675260543823242
T1,SOK,SELECT,2021-10-01,Toto2,2021-11-01,25.39849685931456,1.7470262050628662
T1,SOK,SELECT,2021-10-01,WeightedEnsemble,2021-11-01,25.39849685931456,4.670365333557129
T1,SOK,SELECT,2021-10-01,sifir,2021-11-01,25.39849685931456,0.0
T1,SOK,SELECT,2021-10-01,naive,2021-11-01,25.39849685931456,5.65167614073621
T1,SOK,SELECT,2021-10-01,mevsimsel_naive,2021-11-01,25.39849685931456,-24.71378643217448
T1,SOK,SELECT,2021-10-01,son12_ortalama,2021-11-01,25.39849685931456,0.6462340651013742
T1,SOK,SELECT,2021-11-01,SeasonalNaive,2021-12-01,-28.48981623312932,-26.59472251283588
T1,SOK,SELECT,2021-11-01,RecursiveTabular,2021-12-01,-28.48981623312932,-24.728410720825195
T1,SOK,SELECT,2021-11-01,DirectTabular,2021-12-01,-28.48981623312932,0.055880650877952576
T1,SOK,SELECT,2021-11-01,ETS,2021-12-01,-28.48981623312932,1.2654647149224236
T1,SOK,SELECT,2021-11-01,Theta,2021-12-01,-28.48981623312932,7.2315850257873535
T1,SOK,SELECT,2021-11-01,Chronos2,2021-12-01,-28.48981623312932,-5.926187515258789
T1,SOK,SELECT,2021-11-01,Toto2,2021-12-01,-28.48981623312932,1.5918455123901367
T1,SOK,SELECT,2021-11-01,WeightedEnsemble,2021-12-01,-28.48981623312932,7.2315850257873535
T1,SOK,SELECT,2021-11-01,sifir,2021-12-01,-28.48981623312932,0.0
T1,SOK,SELECT,2021-11-01,naive,2021-12-01,-28.48981623312932,25.39849685931456
T1,SOK,SELECT,2021-11-01,mevsimsel_naive,2021-12-01,-28.48981623312932,-26.59472251283588
T1,SOK,SELECT,2021-11-01,son12_ortalama,2021-12-01,-28.48981623312932,4.82225767272546
T1,SOK,SELECT,2021-12-01,SeasonalNaive,2022-01-01,-70.16063264994634,-16.72519933077777
T1,SOK,SELECT,2021-12-01,RecursiveTabular,2022-01-01,-70.16063264994634,-15.928592681884766
T1,SOK,SELECT,2021-12-01,DirectTabular,2022-01-01,-70.16063264994634,-35.021095275878906
T1,SOK,SELECT,2021-12-01,ETS,2022-01-01,-70.16063264994634,0.7059243685148265
T1,SOK,SELECT,2021-12-01,Theta,2022-01-01,-70.16063264994634,3.452194929122925
T1,SOK,SELECT,2021-12-01,Chronos2,2022-01-01,-70.16063264994634,-2.663149833679199
T1,SOK,SELECT,2021-12-01,Toto2,2022-01-01,-70.16063264994634,1.1461248397827148
T1,SOK,SELECT,2021-12-01,WeightedEnsemble,2022-01-01,-70.16063264994634,-16.72519933077777
T1,SOK,SELECT,2021-12-01,sifir,2022-01-01,-70.16063264994634,0.0
T1,SOK,SELECT,2021-12-01,naive,2022-01-01,-70.16063264994634,-28.48981623312932
T1,SOK,SELECT,2021-12-01,mevsimsel_naive,2022-01-01,-70.16063264994634,-16.72519933077777
T1,SOK,SELECT,2021-12-01,son12_ortalama,2022-01-01,-70.16063264994634,4.664333196034341
T1,SOK,SELECT,2022-01-01,SeasonalNaive,2022-02-01,20.4412680817143,6.848962744626588
T1,SOK,SELECT,2022-01-01,RecursiveTabular,2022-02-01,20.4412680817143,7.649397373199463
T1,SOK,SELECT,2022-01-01,DirectTabular,2022-02-01,20.4412680817143,-29.44500732421875
T1,SOK,SELECT,2022-01-01,ETS,2022-02-01,20.4412680817143,-0.8107629107357803
T1,SOK,SELECT,2022-01-01,Theta,2022-02-01,20.4412680817143,-4.547785758972168
T1,SOK,SELECT,2022-01-01,Chronos2,2022-02-01,20.4412680817143,6.416804790496826
T1,SOK,SELECT,2022-01-01,Toto2,2022-02-01,20.4412680817143,-1.9116370677947998
T1,SOK,SELECT,2022-01-01,WeightedEnsemble,2022-02-01,20.4412680817143,-29.44500732421875
T1,SOK,SELECT,2022-01-01,sifir,2022-02-01,20.4412680817143,0.0
T1,SOK,SELECT,2022-01-01,naive,2022-02-01,20.4412680817143,-70.16063264994634
T1,SOK,SELECT,2022-01-01,mevsimsel_naive,2022-02-01,20.4412680817143,6.848962744626588
T1,SOK,SELECT,2022-01-01,son12_ortalama,2022-02-01,20.4412680817143,0.21138041943695995
T1,SOK,SELECT,2022-02-01,SeasonalNaive,2022-03-01,30.13565685935965,35.55604124572647
T1,SOK,SELECT,2022-02-01,RecursiveTabular,2022-03-01,30.13565685935965,38.109169006347656
T1,SOK,SELECT,2022-02-01,DirectTabular,2022-03-01,30.13565685935965,-17.646156311035156
T1,SOK,SELECT,2022-02-01,ETS,2022-03-01,30.13565685935965,-0.349470414231324
T1,SOK,SELECT,2022-02-01,Theta,2022-03-01,30.13565685935965,-1.6659016609191895
T1,SOK,SELECT,2022-02-01,Chronos2,2022-03-01,30.13565685935965,7.684563636779785
T1,SOK,SELECT,2022-02-01,Toto2,2022-03-01,30.13565685935965,-0.2482694387435913
T1,SOK,SELECT,2022-02-01,WeightedEnsemble,2022-03-01,30.13565685935965,38.109169006347656
T1,SOK,SELECT,2022-02-01,sifir,2022-03-01,30.13565685935965,0.0
T1,SOK,SELECT,2022-02-01,naive,2022-03-01,30.13565685935965,20.4412680817143
T1,SOK,SELECT,2022-02-01,mevsimsel_naive,2022-03-01,30.13565685935965,35.55604124572647
T1,SOK,SELECT,2022-02-01,son12_ortalama,2022-03-01,30.13565685935965,1.3440725308609356
T1,SOK,SELECT,2022-03-01,SeasonalNaive,2022-04-01,18.4826500981484,-10.883147152664586
T1,SOK,SELECT,2022-03-01,RecursiveTabular,2022-04-01,18.4826500981484,-10.371283531188965
T1,SOK,SELECT,2022-03-01,DirectTabular,2022-04-01,18.4826500981484,1.1298649311065674
T1,SOK,SELECT,2022-03-01,ETS,2022-04-01,18.4826500981484,0.19536958625940373
T1,SOK,SELECT,2022-03-01,Theta,2022-04-01,18.4826500981484,2.01417875289917
T1,SOK,SELECT,2022-03-01,Chronos2,2022-04-01,18.4826500981484,-8.354408264160156
T1,SOK,SELECT,2022-03-01,Toto2,2022-04-01,18.4826500981484,-1.5222527980804443
T1,SOK,SELECT,2022-03-01,WeightedEnsemble,2022-04-01,18.4826500981484,-10.261376930254036
T1,SOK,SELECT,2022-03-01,sifir,2022-04-01,18.4826500981484,0.0
T1,SOK,SELECT,2022-03-01,naive,2022-04-01,18.4826500981484,30.13565685935965
T1,SOK,SELECT,2022-03-01,mevsimsel_naive,2022-04-01,18.4826500981484,-10.883147152664586
T1,SOK,SELECT,2022-03-01,son12_ortalama,2022-04-01,18.4826500981484,0.8923738319970335
T1,SOK,SELECT,2022-04-01,SeasonalNaive,2022-05-01,10.649725072503664,-29.32672993932633
T1,SOK,SELECT,2022-04-01,RecursiveTabular,2022-05-01,10.649725072503664,-27.570552825927734
T1,SOK,SELECT,2022-04-01,DirectTabular,2022-05-01,10.649725072503664,-3.5393974781036377
T1,SOK,SELECT,2022-04-01,ETS,2022-05-01,10.649725072503664,0.5909754358518431
T1,SOK,SELECT,2022-04-01,Theta,2022-05-01,10.649725072503664,4.011271953582764
T1,SOK,SELECT,2022-04-01,Chronos2,2022-05-01,10.649725072503664,-4.443345069885254
T1,SOK,SELECT,2022-04-01,Toto2,2022-05-01,10.649725072503664,1.3200678825378418
T1,SOK,SELECT,2022-04-01,WeightedEnsemble,2022-05-01,10.649725072503664,4.011271953582764
T1,SOK,SELECT,2022-04-01,sifir,2022-05-01,10.649725072503664,0.0
T1,SOK,SELECT,2022-04-01,naive,2022-05-01,10.649725072503664,18.4826500981484
T1,SOK,SELECT,2022-04-01,mevsimsel_naive,2022-05-01,10.649725072503664,-29.32672993932633
T1,SOK,SELECT,2022-04-01,son12_ortalama,2022-05-01,10.649725072503664,3.3395236028981166
T1,SOK,SELECT,2022-05-01,SeasonalNaive,2022-06-01,5.339546450964438,64.34681589174947
T1,SOK,SELECT,2022-05-01,RecursiveTabular,2022-06-01,5.339546450964438,66.16126251220703
T1,SOK,SELECT,2022-05-01,DirectTabular,2022-06-01,5.339546450964438,-11.967204093933105
T1,SOK,SELECT,2022-05-01,ETS,2022-06-01,5.339546450964438,0.7831667680821554
T1,SOK,SELECT,2022-05-01,Theta,2022-06-01,5.339546450964438,4.9331817626953125
T1,SOK,SELECT,2022-05-01,Chronos2,2022-06-01,5.339546450964438,3.8328118324279785
T1,SOK,SELECT,2022-05-01,Toto2,2022-06-01,5.339546450964438,1.3548425436019897
T1,SOK,SELECT,2022-05-01,WeightedEnsemble,2022-06-01,5.339546450964438,-11.967204093933105
T1,SOK,SELECT,2022-05-01,sifir,2022-06-01,5.339546450964438,0.0
T1,SOK,SELECT,2022-05-01,naive,2022-06-01,5.339546450964438,10.649725072503664
T1,SOK,SELECT,2022-05-01,mevsimsel_naive,2022-06-01,5.339546450964438,64.34681589174947
T1,SOK,SELECT,2022-05-01,son12_ortalama,2022-06-01,5.339546450964438,6.670894853883948
T1,SOK,SELECT,2022-06-01,SeasonalNaive,2022-07-01,-50.305125616518296,-21.136747557930065
T1,SOK,SELECT,2022-06-01,RecursiveTabular,2022-07-01,-50.305125616518296,-21.074462890625
T1,SOK,SELECT,2022-06-01,DirectTabular,2022-07-01,-50.305125616518296,-25.865453720092773
T1,SOK,SELECT,2022-06-01,ETS,2022-07-01,-50.305125616518296,0.8680195411890275
T1,SOK,SELECT,2022-06-01,Theta,2022-07-01,-50.305125616518296,5.173046112060547
T1,SOK,SELECT,2022-06-01,Chronos2,2022-07-01,-50.305125616518296,-12.876914024353027
T1,SOK,SELECT,2022-06-01,Toto2,2022-07-01,-50.305125616518296,1.2548487186431885
T1,SOK,SELECT,2022-06-01,WeightedEnsemble,2022-07-01,-50.305125616518296,3.6220682601519485
T1,SOK,SELECT,2022-06-01,sifir,2022-07-01,-50.305125616518296,0.0
T1,SOK,SELECT,2022-06-01,naive,2022-07-01,-50.305125616518296,5.339546450964438
T1,SOK,SELECT,2022-06-01,mevsimsel_naive,2022-07-01,-50.305125616518296,-21.136747557930065
T1,SOK,SELECT,2022-06-01,son12_ortalama,2022-07-01,-50.305125616518296,1.753622400485196
T1,SOK,SELECT,2022-07-01,SeasonalNaive,2022-08-01,10.738395515419064,16.451898507805947
T1,SOK,SELECT,2022-07-01,RecursiveTabular,2022-08-01,10.738395515419064,-10.986984252929688
T1,SOK,SELECT,2022-07-01,DirectTabular,2022-08-01,10.738395515419064,1.5590298175811768
T1,SOK,SELECT,2022-07-01,ETS,2022-08-01,10.738395515419064,-0.03963640673153751
T1,SOK,SELECT,2022-07-01,Theta,2022-08-01,10.738395515419064,-0.6798628568649292
T1,SOK,SELECT,2022-07-01,Chronos2,2022-08-01,10.738395515419064,15.68604850769043
T1,SOK,SELECT,2022-07-01,Toto2,2022-08-01,10.738395515419064,-1.493144154548645
T1,SOK,SELECT,2022-07-01,WeightedEnsemble,2022-08-01,10.738395515419064,-10.986984252929688
T1,SOK,SELECT,2022-07-01,sifir,2022-08-01,10.738395515419064,0.0
T1,SOK,SELECT,2022-07-01,naive,2022-08-01,10.738395515419064,-50.305125616518296
T1,SOK,SELECT,2022-07-01,mevsimsel_naive,2022-08-01,10.738395515419064,16.451898507805947
T1,SOK,SELECT,2022-07-01,son12_ortalama,2022-08-01,10.738395515419064,-0.6770757710638241
T1,SOK,SELECT,2022-08-01,SeasonalNaive,2022-09-01,-0.3249684648737773,8.279747176280907
T1,SOK,SELECT,2022-08-01,RecursiveTabular,2022-09-01,-0.3249684648737773,8.279311180114746
T1,SOK,SELECT,2022-08-01,DirectTabular,2022-09-01,-0.3249684648737773,-3.6691370010375977
T1,SOK,SELECT,2022-08-01,ETS,2022-09-01,-0.3249684648737773,0.11930317880805082
T1,SOK,SELECT,2022-08-01,Theta,2022-09-01,-0.3249684648737773,0.7013310790061951
T1,SOK,SELECT,2022-08-01,Chronos2,2022-09-01,-0.3249684648737773,8.803133010864258
T1,SOK,SELECT,2022-08-01,Toto2,2022-09-01,-0.3249684648737773,-1.1432746648788452
T1,SOK,SELECT,2022-08-01,WeightedEnsemble,2022-09-01,-0.3249684648737773,5.7339378099374105
T1,SOK,SELECT,2022-08-01,sifir,2022-09-01,-0.3249684648737773,0.0
T1,SOK,SELECT,2022-08-01,naive,2022-09-01,-0.3249684648737773,10.738395515419064
T1,SOK,SELECT,2022-08-01,mevsimsel_naive,2022-09-01,-0.3249684648737773,8.279747176280907
T1,SOK,SELECT,2022-08-01,son12_ortalama,2022-09-01,-0.3249684648737773,-1.1532010204293968
T1,SOK,SELECT,2022-09-01,SeasonalNaive,2022-10-01,4.951722398189759,5.65167614073621
T1,SOK,SELECT,2022-09-01,RecursiveTabular,2022-10-01,4.951722398189759,-0.21947669982910156
T1,SOK,SELECT,2022-09-01,DirectTabular,2022-10-01,4.951722398189759,-26.19723892211914
T1,SOK,SELECT,2022-09-01,ETS,2022-10-01,4.951722398189759,0.1947098047398142
T1,SOK,SELECT,2022-09-01,Theta,2022-10-01,4.951722398189759,0.7311193943023682
T1,SOK,SELECT,2022-09-01,Chronos2,2022-10-01,4.951722398189759,4.979193210601807
T1,SOK,SELECT,2022-09-01,Toto2,2022-10-01,4.951722398189759,-1.4158847332000732
T1,SOK,SELECT,2022-09-01,WeightedEnsemble,2022-10-01,4.951722398189759,-0.3719808660168129
T1,SOK,SELECT,2022-09-01,sifir,2022-10-01,4.951722398189759,0.0
T1,SOK,SELECT,2022-09-01,naive,2022-10-01,4.951722398189759,-0.3249684648737773
T1,SOK,SELECT,2022-09-01,mevsimsel_naive,2022-10-01,4.951722398189759,5.65167614073621
T1,SOK,SELECT,2022-09-01,son12_ortalama,2022-10-01,4.951722398189759,-1.8702606571922882
T1,SOK,SELECT,2022-10-01,SeasonalNaive,2022-11-01,14.750609145739302,25.39849685931456
T1,SOK,SELECT,2022-10-01,RecursiveTabular,2022-11-01,14.750609145739302,17.811357498168945
T1,SOK,SELECT,2022-10-01,DirectTabular,2022-11-01,14.750609145739302,-9.822293281555176
T1,SOK,SELECT,2022-10-01,ETS,2022-11-01,14.750609145739302,0.19518550599915918
T1,SOK,SELECT,2022-10-01,Theta,2022-11-01,14.750609145739302,1.3327512741088867
T1,SOK,SELECT,2022-10-01,Chronos2,2022-11-01,14.750609145739302,10.451400756835938
T1,SOK,SELECT,2022-10-01,Toto2,2022-11-01,14.750609145739302,-1.482846736907959
T1,SOK,SELECT,2022-10-01,WeightedEnsemble,2022-11-01,14.750609145739302,10.892421494844427
T1,SOK,SELECT,2022-10-01,sifir,2022-11-01,14.750609145739302,0.0
T1,SOK,SELECT,2022-10-01,naive,2022-11-01,14.750609145739302,4.951722398189759
T1,SOK,SELECT,2022-10-01,mevsimsel_naive,2022-11-01,14.750609145739302,25.39849685931456
T1,SOK,SELECT,2022-10-01,son12_ortalama,2022-11-01,14.750609145739302,-1.9285901357378243
T1,SOK,SELECT,2022-11-01,SeasonalNaive,2022-12-01,27.55030889485155,-28.48981623312932
T1,SOK,SELECT,2022-11-01,RecursiveTabular,2022-12-01,27.55030889485155,-29.564069747924805
T1,SOK,SELECT,2022-11-01,DirectTabular,2022-12-01,27.55030889485155,-0.42471811175346375
T1,SOK,SELECT,2022-11-01,ETS,2022-12-01,27.55030889485155,0.4673201514853525
T1,SOK,SELECT,2022-11-01,Theta,2022-12-01,27.55030889485155,2.941929817199707
T1,SOK,SELECT,2022-11-01,Chronos2,2022-12-01,27.55030889485155,-7.708913326263428
T1,SOK,SELECT,2022-11-01,Toto2,2022-12-01,27.55030889485155,0.18063637614250183
T1,SOK,SELECT,2022-11-01,WeightedEnsemble,2022-12-01,27.55030889485155,-14.376588061704474
T1,SOK,SELECT,2022-11-01,sifir,2022-12-01,27.55030889485155,0.0
T1,SOK,SELECT,2022-11-01,naive,2022-12-01,27.55030889485155,14.750609145739302
T1,SOK,SELECT,2022-11-01,mevsimsel_naive,2022-12-01,27.55030889485155,-28.48981623312932
T1,SOK,SELECT,2022-11-01,son12_ortalama,2022-12-01,27.55030889485155,-2.8159141118690965
T1,SOK,SELECT,2022-12-01,SeasonalNaive,2023-01-01,-16.533604954060525,-70.16063264994634
T1,SOK,SELECT,2022-12-01,RecursiveTabular,2023-01-01,-16.533604954060525,-63.12308120727539
T1,SOK,SELECT,2022-12-01,DirectTabular,2023-01-01,-16.533604954060525,-0.3220278024673462
T1,SOK,SELECT,2022-12-01,ETS,2023-01-01,-16.533604954060525,0.9434329708868645
T1,SOK,SELECT,2022-12-01,Theta,2023-01-01,-16.533604954060525,5.785162925720215
T1,SOK,SELECT,2022-12-01,Chronos2,2023-01-01,-16.533604954060525,-10.647751808166504
T1,SOK,SELECT,2022-12-01,Toto2,2023-01-01,-16.533604954060525,2.004575252532959
T1,SOK,SELECT,2022-12-01,WeightedEnsemble,2023-01-01,-16.533604954060525,5.785162925720215
T1,SOK,SELECT,2022-12-01,sifir,2023-01-01,-16.533604954060525,0.0
T1,SOK,SELECT,2022-12-01,naive,2023-01-01,-16.533604954060525,27.55030889485155
T1,SOK,SELECT,2022-12-01,mevsimsel_naive,2023-01-01,-16.533604954060525,-70.16063264994634
T1,SOK,SELECT,2022-12-01,son12_ortalama,2023-01-01,-16.533604954060525,1.8540963154626435
T1,NORMAL,CONFIRM,2023-01-01,SeasonalNaive,2023-02-01,-27.31835275881,20.4412680817143
T1,NORMAL,CONFIRM,2023-01-01,RecursiveTabular,2023-02-01,-27.31835275881,20.47195816040039
T1,NORMAL,CONFIRM,2023-01-01,DirectTabular,2023-02-01,-27.31835275881,-0.1777750700712204
T1,NORMAL,CONFIRM,2023-01-01,ETS,2023-02-01,-27.31835275881,0.644181867025152
T1,NORMAL,CONFIRM,2023-01-01,Theta,2023-02-01,-27.31835275881,3.5728683471679688
T1,NORMAL,CONFIRM,2023-01-01,Chronos2,2023-02-01,-27.31835275881,-15.350337028503418
T1,NORMAL,CONFIRM,2023-01-01,Toto2,2023-02-01,-27.31835275881,0.2658050060272217
T1,NORMAL,CONFIRM,2023-01-01,WeightedEnsemble,2023-02-01,-27.31835275881,-7.7467949986457825
T1,NORMAL,CONFIRM,2023-01-01,sifir,2023-02-01,-27.31835275881,0.0
T1,NORMAL,CONFIRM,2023-01-01,naive,2023-02-01,-27.31835275881,-16.533604954060525
T1,NORMAL,CONFIRM,2023-01-01,mevsimsel_naive,2023-02-01,-27.31835275881,20.4412680817143
T1,NORMAL,CONFIRM,2023-01-01,son12_ortalama,2023-02-01,-27.31835275881,6.323015290119794
T1,NORMAL,CONFIRM,2023-02-01,SeasonalNaive,2023-03-01,40.27100494751775,30.13565685935965
T1,NORMAL,CONFIRM,2023-02-01,RecursiveTabular,2023-03-01,40.27100494751775,27.337203979492188
T1,NORMAL,CONFIRM,2023-02-01,DirectTabular,2023-03-01,40.27100494751775,0.7591901421546936
T1,NORMAL,CONFIRM,2023-02-01,ETS,2023-03-01,40.27100494751775,0.13911447037180827
T1,NORMAL,CONFIRM,2023-02-01,Theta,2023-03-01,40.27100494751775,0.4236176311969757
T1,NORMAL,CONFIRM,2023-02-01,Chronos2,2023-03-01,40.27100494751775,10.98636245727539
T1,NORMAL,CONFIRM,2023-02-01,Toto2,2023-03-01,40.27100494751775,-0.772817850112915
T1,NORMAL,CONFIRM,2023-02-01,WeightedEnsemble,2023-03-01,40.27100494751775,27.337203979492188
T1,NORMAL,CONFIRM,2023-02-01,sifir,2023-03-01,40.27100494751775,0.0
T1,NORMAL,CONFIRM,2023-02-01,naive,2023-03-01,40.27100494751775,-27.31835275881
T1,NORMAL,CONFIRM,2023-02-01,mevsimsel_naive,2023-03-01,40.27100494751775,30.13565685935965
T1,NORMAL,CONFIRM,2023-02-01,son12_ortalama,2023-03-01,40.27100494751775,2.3430468867427696
T1,NORMAL,CONFIRM,2023-03-01,SeasonalNaive,2023-04-01,-3.074822492676483,18.4826500981484
T1,NORMAL,CONFIRM,2023-03-01,RecursiveTabular,2023-04-01,-3.074822492676483,-10.82650375366211
T1,NORMAL,CONFIRM,2023-03-01,DirectTabular,2023-04-01,-3.074822492676483,-56.30934524536133
T1,NORMAL,CONFIRM,2023-03-01,ETS,2023-04-01,-3.074822492676483,0.7993682848118149
T1,NORMAL,CONFIRM,2023-03-01,Theta,2023-04-01,-3.074822492676483,4.877590179443359
T1,NORMAL,CONFIRM,2023-03-01,Chronos2,2023-04-01,-3.074822492676483,-11.897594451904297
T1,NORMAL,CONFIRM,2023-03-01,Toto2,2023-04-01,-3.074822492676483,1.4448611736297607
T1,NORMAL,CONFIRM,2023-03-01,WeightedEnsemble,2023-04-01,-3.074822492676483,18.4826500981484
T1,NORMAL,CONFIRM,2023-03-01,sifir,2023-04-01,-3.074822492676483,0.0
T1,NORMAL,CONFIRM,2023-03-01,naive,2023-04-01,-3.074822492676483,40.27100494751775
T1,NORMAL,CONFIRM,2023-03-01,mevsimsel_naive,2023-04-01,-3.074822492676483,18.4826500981484
T1,NORMAL,CONFIRM,2023-03-01,son12_ortalama,2023-04-01,-3.074822492676483,3.1876592274226105
T1,NORMAL,CONFIRM,2023-04-01,SeasonalNaive,2023-05-01,3.6676838201579134,10.649725072503664
T1,NORMAL,CONFIRM,2023-04-01,RecursiveTabular,2023-05-01,3.6676838201579134,0.6758966445922852
T1,NORMAL,CONFIRM,2023-04-01,DirectTabular,2023-05-01,3.6676838201579134,-1.4784809350967407
T1,NORMAL,CONFIRM,2023-04-01,ETS,2023-05-01,3.6676838201579134,0.7817553406731054
T1,NORMAL,CONFIRM,2023-04-01,Theta,2023-05-01,3.6676838201579134,4.206808090209961
T1,NORMAL,CONFIRM,2023-04-01,Chronos2,2023-05-01,3.6676838201579134,0.11624199151992798
T1,NORMAL,CONFIRM,2023-04-01,Toto2,2023-05-01,3.6676838201579134,1.1658260822296143
T1,NORMAL,CONFIRM,2023-04-01,WeightedEnsemble,2023-05-01,3.6676838201579134,-0.6818843781431415
T1,NORMAL,CONFIRM,2023-04-01,sifir,2023-05-01,3.6676838201579134,0.0
T1,NORMAL,CONFIRM,2023-04-01,naive,2023-05-01,3.6676838201579134,-3.074822492676483
T1,NORMAL,CONFIRM,2023-04-01,mevsimsel_naive,2023-05-01,3.6676838201579134,10.649725072503664
T1,NORMAL,CONFIRM,2023-04-01,son12_ortalama,2023-05-01,3.6676838201579134,1.3912031781872038
T1,NORMAL,CONFIRM,2023-05-01,SeasonalNaive,2023-06-01,-23.9855330223085,5.339546450964438
T1,NORMAL,CONFIRM,2023-05-01,RecursiveTabular,2023-06-01,-23.9855330223085,30.192216873168945
T1,NORMAL,CONFIRM,2023-05-01,DirectTabular,2023-06-01,-23.9855330223085,-3.687453508377075
T1,NORMAL,CONFIRM,2023-05-01,ETS,2023-06-01,-23.9855330223085,0.7832003229891865
T1,NORMAL,CONFIRM,2023-05-01,Theta,2023-06-01,-23.9855330223085,4.323570728302002
T1,NORMAL,CONFIRM,2023-05-01,Chronos2,2023-06-01,-23.9855330223085,5.018223762512207
T1,NORMAL,CONFIRM,2023-05-01,Toto2,2023-06-01,-23.9855330223085,1.8154973983764648
T1,NORMAL,CONFIRM,2023-05-01,WeightedEnsemble,2023-06-01,-23.9855330223085,3.879101994671399
T1,NORMAL,CONFIRM,2023-05-01,sifir,2023-06-01,-23.9855330223085,0.0
T1,NORMAL,CONFIRM,2023-05-01,naive,2023-06-01,-23.9855330223085,3.6676838201579134
T1,NORMAL,CONFIRM,2023-05-01,mevsimsel_naive,2023-06-01,-23.9855330223085,5.339546450964438
T1,NORMAL,CONFIRM,2023-05-01,son12_ortalama,2023-06-01,-23.9855330223085,0.8093664071583913
T1,NORMAL,CONFIRM,2023-06-01,SeasonalNaive,2023-07-01,-2.841964799089946,-50.305125616518296
T1,NORMAL,CONFIRM,2023-06-01,RecursiveTabular,2023-07-01,-2.841964799089946,-47.42045974731445
T1,NORMAL,CONFIRM,2023-06-01,DirectTabular,2023-07-01,-2.841964799089946,-4.3083930015563965
T1,NORMAL,CONFIRM,2023-06-01,ETS,2023-07-01,-2.841964799089946,0.3916667029262723
T1,NORMAL,CONFIRM,2023-06-01,Theta,2023-07-01,-2.841964799089946,1.4809237718582153
T1,NORMAL,CONFIRM,2023-06-01,Chronos2,2023-07-01,-2.841964799089946,9.713418960571289
T1,NORMAL,CONFIRM,2023-06-01,Toto2,2023-07-01,-2.841964799089946,1.0378531217575073
T1,NORMAL,CONFIRM,2023-06-01,WeightedEnsemble,2023-07-01,-2.841964799089946,-4.3083930015563965
T1,NORMAL,CONFIRM,2023-06-01,sifir,2023-07-01,-2.841964799089946,0.0
T1,NORMAL,CONFIRM,2023-06-01,naive,2023-07-01,-2.841964799089946,-23.9855330223085
T1,NORMAL,CONFIRM,2023-06-01,mevsimsel_naive,2023-07-01,-2.841964799089946,-50.305125616518296
T1,NORMAL,CONFIRM,2023-06-01,son12_ortalama,2023-07-01,-2.841964799089946,-1.6343902156143537
T1,NORMAL,CONFIRM,2023-07-01,SeasonalNaive,2023-08-01,-2.8247738722404736,10.738395515419064
T1,NORMAL,CONFIRM,2023-07-01,RecursiveTabular,2023-08-01,-2.8247738722404736,12.986778259277344
T1,NORMAL,CONFIRM,2023-07-01,DirectTabular,2023-08-01,-2.8247738722404736,-5.936062335968018
T1,NORMAL,CONFIRM,2023-07-01,ETS,2023-08-01,-2.8247738722404736,0.351370609022807
T1,NORMAL,CONFIRM,2023-07-01,Theta,2023-08-01,-2.8247738722404736,1.1664001941680908
T1,NORMAL,CONFIRM,2023-07-01,Chronos2,2023-08-01,-2.8247738722404736,-4.158341884613037
T1,NORMAL,CONFIRM,2023-07-01,Toto2,2023-08-01,-2.8247738722404736,1.682056188583374
T1,NORMAL,CONFIRM,2023-07-01,WeightedEnsemble,2023-08-01,-2.8247738722404736,-1.6585896900885064
T1,NORMAL,CONFIRM,2023-07-01,sifir,2023-08-01,-2.8247738722404736,0.0
T1,NORMAL,CONFIRM,2023-07-01,naive,2023-08-01,-2.8247738722404736,-2.841964799089946
T1,NORMAL,CONFIRM,2023-07-01,mevsimsel_naive,2023-08-01,-2.8247738722404736,10.738395515419064
T1,NORMAL,CONFIRM,2023-07-01,son12_ortalama,2023-08-01,-2.8247738722404736,2.320873185838009
T1,NORMAL,CONFIRM,2023-08-01,SeasonalNaive,2023-09-01,-15.086430180872254,-0.3249684648737773
T1,NORMAL,CONFIRM,2023-08-01,RecursiveTabular,2023-09-01,-15.086430180872254,12.58063793182373
T1,NORMAL,CONFIRM,2023-08-01,DirectTabular,2023-09-01,-15.086430180872254,-1.0596261024475098
T1,NORMAL,CONFIRM,2023-08-01,ETS,2023-09-01,-15.086430180872254,0.30176397390036197
T1,NORMAL,CONFIRM,2023-08-01,Theta,2023-09-01,-15.086430180872254,0.8839271068572998
T1,NORMAL,CONFIRM,2023-08-01,Chronos2,2023-09-01,-15.086430180872254,9.51107120513916
T1,NORMAL,CONFIRM,2023-08-01,Toto2,2023-09-01,-15.086430180872254,-1.2277261018753052
T1,NORMAL,CONFIRM,2023-08-01,WeightedEnsemble,2023-09-01,-15.086430180872254,-0.7456238028702851
T1,NORMAL,CONFIRM,2023-08-01,sifir,2023-09-01,-15.086430180872254,0.0
T1,NORMAL,CONFIRM,2023-08-01,naive,2023-09-01,-15.086430180872254,-2.8247738722404736
T1,NORMAL,CONFIRM,2023-08-01,mevsimsel_naive,2023-09-01,-15.086430180872254,-0.3249684648737773
T1,NORMAL,CONFIRM,2023-08-01,son12_ortalama,2023-09-01,-15.086430180872254,1.1906090701997138
T1,NORMAL,CONFIRM,2023-09-01,SeasonalNaive,2023-10-01,-5.411747753329739,4.951722398189759
T1,NORMAL,CONFIRM,2023-09-01,RecursiveTabular,2023-10-01,-5.411747753329739,4.656405448913574
T1,NORMAL,CONFIRM,2023-09-01,DirectTabular,2023-10-01,-5.411747753329739,1.8936083316802979
T1,NORMAL,CONFIRM,2023-09-01,ETS,2023-10-01,-5.411747753329739,0.1179095100900351
T1,NORMAL,CONFIRM,2023-09-01,Theta,2023-10-01,-5.411747753329739,-0.6728243827819824
T1,NORMAL,CONFIRM,2023-09-01,Chronos2,2023-10-01,-5.411747753329739,-2.1439428329467773
T1,NORMAL,CONFIRM,2023-09-01,Toto2,2023-10-01,-5.411747753329739,0.1920498013496399
T1,NORMAL,CONFIRM,2023-09-01,WeightedEnsemble,2023-10-01,-5.411747753329739,0.1920498013496399
T1,NORMAL,CONFIRM,2023-09-01,sifir,2023-10-01,-5.411747753329739,0.0
T1,NORMAL,CONFIRM,2023-09-01,naive,2023-10-01,-5.411747753329739,-15.086430180872254
T1,NORMAL,CONFIRM,2023-09-01,mevsimsel_naive,2023-10-01,-5.411747753329739,4.951722398189759
T1,NORMAL,CONFIRM,2023-09-01,son12_ortalama,2023-10-01,-5.411747753329739,-0.03951273946682532
T1,NORMAL,CONFIRM,2023-10-01,SeasonalNaive,2023-11-01,0.6836670329135736,14.750609145739302
T1,NORMAL,CONFIRM,2023-10-01,RecursiveTabular,2023-11-01,0.6836670329135736,14.510854721069336
T1,NORMAL,CONFIRM,2023-10-01,DirectTabular,2023-11-01,0.6836670329135736,-0.7545987963676453
T1,NORMAL,CONFIRM,2023-10-01,ETS,2023-11-01,0.6836670329135736,0.04200351880633862
T1,NORMAL,CONFIRM,2023-10-01,Theta,2023-11-01,0.6836670329135736,-1.0514662265777588
T1,NORMAL,CONFIRM,2023-10-01,Chronos2,2023-11-01,0.6836670329135736,5.894833087921143
T1,NORMAL,CONFIRM,2023-10-01,Toto2,2023-11-01,0.6836670329135736,0.518430233001709
T1,NORMAL,CONFIRM,2023-10-01,WeightedEnsemble,2023-11-01,0.6836670329135736,-0.7545987963676453
T1,NORMAL,CONFIRM,2023-10-01,sifir,2023-11-01,0.6836670329135736,0.0
T1,NORMAL,CONFIRM,2023-10-01,naive,2023-11-01,0.6836670329135736,-5.411747753329739
T1,NORMAL,CONFIRM,2023-10-01,mevsimsel_naive,2023-11-01,0.6836670329135736,14.750609145739302
T1,NORMAL,CONFIRM,2023-10-01,son12_ortalama,2023-11-01,0.6836670329135736,-0.9031352520934505
T1,NORMAL,CONFIRM,2023-11-01,SeasonalNaive,2023-12-01,19.77279579310386,27.55030889485155
T1,NORMAL,CONFIRM,2023-11-01,RecursiveTabular,2023-12-01,19.77279579310386,25.70344352722168
T1,NORMAL,CONFIRM,2023-11-01,DirectTabular,2023-12-01,19.77279579310386,5.0873284339904785
T1,NORMAL,CONFIRM,2023-11-01,ETS,2023-12-01,19.77279579310386,0.003733842852107864
T1,NORMAL,CONFIRM,2023-11-01,Theta,2023-12-01,19.77279579310386,-0.7471010684967041
T1,NORMAL,CONFIRM,2023-11-01,Chronos2,2023-12-01,19.77279579310386,-3.7973525524139404
T1,NORMAL,CONFIRM,2023-11-01,Toto2,2023-12-01,19.77279579310386,-0.458700954914093
T1,NORMAL,CONFIRM,2023-11-01,WeightedEnsemble,2023-12-01,19.77279579310386,3.404825136232912
T1,NORMAL,CONFIRM,2023-11-01,sifir,2023-12-01,19.77279579310386,0.0
T1,NORMAL,CONFIRM,2023-11-01,naive,2023-12-01,19.77279579310386,0.6836670329135736
T1,NORMAL,CONFIRM,2023-11-01,mevsimsel_naive,2023-12-01,19.77279579310386,27.55030889485155
T1,NORMAL,CONFIRM,2023-11-01,son12_ortalama,2023-12-01,19.77279579310386,-2.0753804281622608
T1,NORMAL,CONFIRM,2023-12-01,SeasonalNaive,2024-01-01,-3.789774658603178,-16.533604954060525
T1,NORMAL,CONFIRM,2023-12-01,RecursiveTabular,2024-01-01,-3.789774658603178,-13.025169372558594
T1,NORMAL,CONFIRM,2023-12-01,DirectTabular,2024-01-01,-3.789774658603178,3.6429214477539062
T1,NORMAL,CONFIRM,2023-12-01,ETS,2024-01-01,-3.789774658603178,0.31020124531410487
T1,NORMAL,CONFIRM,2023-12-01,Theta,2024-01-01,-3.789774658603178,1.5542256832122803
T1,NORMAL,CONFIRM,2023-12-01,Chronos2,2024-01-01,-3.789774658603178,-3.0662405490875244
T1,NORMAL,CONFIRM,2023-12-01,Toto2,2024-01-01,-3.789774658603178,0.5715897083282471
T1,NORMAL,CONFIRM,2023-12-01,WeightedEnsemble,2024-01-01,-3.789774658603178,-9.687997782016343
T1,NORMAL,CONFIRM,2023-12-01,sifir,2024-01-01,-3.789774658603178,0.0
T1,NORMAL,CONFIRM,2023-12-01,naive,2024-01-01,-3.789774658603178,19.77279579310386
T1,NORMAL,CONFIRM,2023-12-01,mevsimsel_naive,2024-01-01,-3.789774658603178,-16.533604954060525
T1,NORMAL,CONFIRM,2023-12-01,son12_ortalama,2024-01-01,-3.789774658603178,-2.7235065199745687
T1,NORMAL,CONFIRM,2024-01-01,SeasonalNaive,2024-02-01,7.749209014338981,-27.31835275881
T1,NORMAL,CONFIRM,2024-01-01,RecursiveTabular,2024-02-01,7.749209014338981,-19.205337524414062
T1,NORMAL,CONFIRM,2024-01-01,DirectTabular,2024-02-01,7.749209014338981,-6.621840000152588
T1,NORMAL,CONFIRM,2024-01-01,ETS,2024-02-01,7.749209014338981,0.24846593902513817
T1,NORMAL,CONFIRM,2024-01-01,Theta,2024-02-01,7.749209014338981,1.1299853324890137
T1,NORMAL,CONFIRM,2024-01-01,Chronos2,2024-02-01,7.749209014338981,-1.6836458444595337
T1,NORMAL,CONFIRM,2024-01-01,Toto2,2024-02-01,7.749209014338981,0.5392765998840332
T1,NORMAL,CONFIRM,2024-01-01,WeightedEnsemble,2024-02-01,7.749209014338981,-2.2272990521152294
T1,NORMAL,CONFIRM,2024-01-01,sifir,2024-02-01,7.749209014338981,0.0
T1,NORMAL,CONFIRM,2024-01-01,naive,2024-02-01,7.749209014338981,-3.789774658603178
T1,NORMAL,CONFIRM,2024-01-01,mevsimsel_naive,2024-02-01,7.749209014338981,-27.31835275881
T1,NORMAL,CONFIRM,2024-01-01,son12_ortalama,2024-02-01,7.749209014338981,-1.6615206620197895
T1,NORMAL,CONFIRM,2024-02-01,SeasonalNaive,2024-03-01,1.2104133914463409,40.27100494751775
T1,NORMAL,CONFIRM,2024-02-01,RecursiveTabular,2024-03-01,1.2104133914463409,44.43733215332031
T1,NORMAL,CONFIRM,2024-02-01,DirectTabular,2024-03-01,1.2104133914463409,-18.34281349182129
T1,NORMAL,CONFIRM,2024-02-01,ETS,2024-03-01,1.2104133914463409,0.35936460093230893
T1,NORMAL,CONFIRM,2024-02-01,Theta,2024-03-01,1.2104133914463409,1.9655978679656982
T1,NORMAL,CONFIRM,2024-02-01,Chronos2,2024-03-01,1.2104133914463409,-2.6731584072113037
T1,NORMAL,CONFIRM,2024-02-01,Toto2,2024-03-01,1.2104133914463409,0.5258309841156006
T1,NORMAL,CONFIRM,2024-02-01,WeightedEnsemble,2024-03-01,1.2104133914463409,1.9655978679656982
T1,NORMAL,CONFIRM,2024-02-01,sifir,2024-03-01,1.2104133914463409,0.0
T1,NORMAL,CONFIRM,2024-02-01,naive,2024-03-01,1.2104133914463409,7.749209014338981
T1,NORMAL,CONFIRM,2024-02-01,mevsimsel_naive,2024-03-01,1.2104133914463409,40.27100494751775
T1,NORMAL,CONFIRM,2024-02-01,son12_ortalama,2024-03-01,1.2104133914463409,1.2607761524092929
T1,NORMAL,CONFIRM,2024-03-01,SeasonalNaive,2024-04-01,-11.890361841629028,-3.074822492676483
T1,NORMAL,CONFIRM,2024-03-01,RecursiveTabular,2024-04-01,-11.890361841629028,-0.22873711585998535
T1,NORMAL,CONFIRM,2024-03-01,DirectTabular,2024-04-01,-11.890361841629028,-0.25867050886154175
T1,NORMAL,CONFIRM,2024-03-01,ETS,2024-04-01,-11.890361841629028,0.37405487508071533
T1,NORMAL,CONFIRM,2024-03-01,Theta,2024-04-01,-11.890361841629028,2.027686595916748
T1,NORMAL,CONFIRM,2024-03-01,Chronos2,2024-04-01,-11.890361841629028,-16.034435272216797
T1,NORMAL,CONFIRM,2024-03-01,Toto2,2024-04-01,-11.890361841629028,-0.4197196066379547
T1,NORMAL,CONFIRM,2024-03-01,WeightedEnsemble,2024-04-01,-11.890361841629028,0.7438013876070741
T1,NORMAL,CONFIRM,2024-03-01,sifir,2024-04-01,-11.890361841629028,0.0
T1,NORMAL,CONFIRM,2024-03-01,naive,2024-04-01,-11.890361841629028,1.2104133914463409
T1,NORMAL,CONFIRM,2024-03-01,mevsimsel_naive,2024-04-01,-11.890361841629028,-3.074822492676483
T1,NORMAL,CONFIRM,2024-03-01,son12_ortalama,2024-04-01,-11.890361841629028,-1.994273143929992
T1,NORMAL,CONFIRM,2024-04-01,SeasonalNaive,2024-05-01,13.32602151279732,3.6676838201579134
T1,NORMAL,CONFIRM,2024-04-01,RecursiveTabular,2024-05-01,13.32602151279732,-11.318199157714844
T1,NORMAL,CONFIRM,2024-04-01,DirectTabular,2024-05-01,13.32602151279732,-0.13988155126571655
T1,NORMAL,CONFIRM,2024-04-01,ETS,2024-05-01,13.32602151279732,0.1951218076619616
T1,NORMAL,CONFIRM,2024-04-01,Theta,2024-05-01,13.32602151279732,0.7061713933944702
T1,NORMAL,CONFIRM,2024-04-01,Chronos2,2024-05-01,13.32602151279732,2.056546211242676
T1,NORMAL,CONFIRM,2024-04-01,Toto2,2024-05-01,13.32602151279732,0.6513721942901611
T1,NORMAL,CONFIRM,2024-04-01,WeightedEnsemble,2024-05-01,13.32602151279732,2.5714458778871263
T1,NORMAL,CONFIRM,2024-04-01,sifir,2024-05-01,13.32602151279732,0.0
T1,NORMAL,CONFIRM,2024-04-01,naive,2024-05-01,13.32602151279732,-11.890361841629028
T1,NORMAL,CONFIRM,2024-04-01,mevsimsel_naive,2024-05-01,13.32602151279732,3.6676838201579134
T1,NORMAL,CONFIRM,2024-04-01,son12_ortalama,2024-05-01,13.32602151279732,-2.7289014230093707
T1,NORMAL,CONFIRM,2024-05-01,SeasonalNaive,2024-06-01,-30.09849464291795,-23.9855330223085
T1,NORMAL,CONFIRM,2024-05-01,RecursiveTabular,2024-06-01,-30.09849464291795,-22.845321655273438
T1,NORMAL,CONFIRM,2024-05-01,DirectTabular,2024-06-01,-30.09849464291795,-6.407015800476074
T1,NORMAL,CONFIRM,2024-05-01,ETS,2024-06-01,-30.09849464291795,0.3513941220209048
T1,NORMAL,CONFIRM,2024-05-01,Theta,2024-06-01,-30.09849464291795,2.16611385345459
T1,NORMAL,CONFIRM,2024-05-01,Chronos2,2024-06-01,-30.09849464291795,-2.158581256866455
T1,NORMAL,CONFIRM,2024-05-01,Toto2,2024-06-01,-30.09849464291795,1.1478886604309082
T1,NORMAL,CONFIRM,2024-05-01,WeightedEnsemble,2024-06-01,-30.09849464291795,-6.407015800476074
T1,NORMAL,CONFIRM,2024-05-01,sifir,2024-06-01,-30.09849464291795,0.0
T1,NORMAL,CONFIRM,2024-05-01,naive,2024-06-01,-30.09849464291795,13.32602151279732
T1,NORMAL,CONFIRM,2024-05-01,mevsimsel_naive,2024-06-01,-30.09849464291795,-23.9855330223085
T1,NORMAL,CONFIRM,2024-05-01,son12_ortalama,2024-06-01,-30.09849464291795,-1.9240399486227535
T1,NORMAL,CONFIRM,2024-06-01,SeasonalNaive,2024-07-01,35.52871958489559,-2.841964799089946
T1,NORMAL,CONFIRM,2024-06-01,RecursiveTabular,2024-07-01,35.52871958489559,-3.958189010620117
T1,NORMAL,CONFIRM,2024-06-01,DirectTabular,2024-07-01,35.52871958489559,18.84349250793457
T1,NORMAL,CONFIRM,2024-06-01,ETS,2024-07-01,35.52871958489559,-0.019629663024272923
T1,NORMAL,CONFIRM,2024-06-01,Theta,2024-07-01,35.52871958489559,-1.0672388076782227
T1,NORMAL,CONFIRM,2024-06-01,Chronos2,2024-07-01,35.52871958489559,11.513696670532227
T1,NORMAL,CONFIRM,2024-06-01,Toto2,2024-07-01,35.52871958489559,0.6926117539405823
T1,NORMAL,CONFIRM,2024-06-01,WeightedEnsemble,2024-07-01,35.52871958489559,-2.841964799089946
T1,NORMAL,CONFIRM,2024-06-01,sifir,2024-07-01,35.52871958489559,0.0
T1,NORMAL,CONFIRM,2024-06-01,naive,2024-07-01,35.52871958489559,-30.09849464291795
T1,NORMAL,CONFIRM,2024-06-01,mevsimsel_naive,2024-07-01,35.52871958489559,-2.841964799089946
T1,NORMAL,CONFIRM,2024-06-01,son12_ortalama,2024-07-01,35.52871958489559,-2.4334534170068745
T1,NORMAL,CONFIRM,2024-07-01,SeasonalNaive,2024-08-01,-1.29439281921347,-2.8247738722404736
T1,NORMAL,CONFIRM,2024-07-01,RecursiveTabular,2024-08-01,-1.29439281921347,-1.598888635635376
T1,NORMAL,CONFIRM,2024-07-01,DirectTabular,2024-08-01,-1.29439281921347,7.895714282989502
T1,NORMAL,CONFIRM,2024-07-01,ETS,2024-08-01,-1.29439281921347,0.39179196003915595
T1,NORMAL,CONFIRM,2024-07-01,Theta,2024-08-01,-1.29439281921347,2.9081716537475586
T1,NORMAL,CONFIRM,2024-07-01,Chronos2,2024-08-01,-1.29439281921347,-6.615719318389893
T1,NORMAL,CONFIRM,2024-07-01,Toto2,2024-08-01,-1.29439281921347,0.047941505908966064
T1,NORMAL,CONFIRM,2024-07-01,WeightedEnsemble,2024-08-01,-1.29439281921347,-6.615719318389893
T1,NORMAL,CONFIRM,2024-07-01,sifir,2024-08-01,-1.29439281921347,0.0
T1,NORMAL,CONFIRM,2024-07-01,naive,2024-08-01,-1.29439281921347,35.52871958489559
T1,NORMAL,CONFIRM,2024-07-01,mevsimsel_naive,2024-08-01,-1.29439281921347,-2.8247738722404736
T1,NORMAL,CONFIRM,2024-07-01,son12_ortalama,2024-08-01,-1.29439281921347,0.7641036149919204
T1,NORMAL,CONFIRM,2024-08-01,SeasonalNaive,2024-09-01,7.04738061920738,-15.086430180872254
T1,NORMAL,CONFIRM,2024-08-01,RecursiveTabular,2024-09-01,7.04738061920738,-34.204776763916016
T1,NORMAL,CONFIRM,2024-08-01,DirectTabular,2024-09-01,7.04738061920738,20.1422119140625
T1,NORMAL,CONFIRM,2024-08-01,ETS,2024-09-01,7.04738061920738,0.3916233415612307
T1,NORMAL,CONFIRM,2024-08-01,Theta,2024-09-01,7.04738061920738,2.6147475242614746
T1,NORMAL,CONFIRM,2024-08-01,Chronos2,2024-09-01,7.04738061920738,8.592010498046875
T1,NORMAL,CONFIRM,2024-08-01,Toto2,2024-09-01,7.04738061920738,0.7331628203392029
T1,NORMAL,CONFIRM,2024-08-01,WeightedEnsemble,2024-09-01,7.04738061920738,-6.660777386748761
T1,NORMAL,CONFIRM,2024-08-01,sifir,2024-09-01,7.04738061920738,0.0
T1,NORMAL,CONFIRM,2024-08-01,naive,2024-09-01,7.04738061920738,-1.29439281921347
T1,NORMAL,CONFIRM,2024-08-01,mevsimsel_naive,2024-09-01,7.04738061920738,-15.086430180872254
T1,NORMAL,CONFIRM,2024-08-01,son12_ortalama,2024-09-01,7.04738061920738,0.891635369410837
T1,NORMAL,CONFIRM,2024-09-01,SeasonalNaive,2024-10-01,3.327580486591171,-5.411747753329739
T1,NORMAL,CONFIRM,2024-09-01,RecursiveTabular,2024-10-01,3.327580486591171,-10.073575019836426
T1,NORMAL,CONFIRM,2024-09-01,DirectTabular,2024-10-01,3.327580486591171,4.512547492980957
T1,NORMAL,CONFIRM,2024-09-01,ETS,2024-10-01,3.327580486591171,0.5058546216589357
T1,NORMAL,CONFIRM,2024-09-01,Theta,2024-10-01,3.327580486591171,3.222707748413086
T1,NORMAL,CONFIRM,2024-09-01,Chronos2,2024-10-01,3.327580486591171,-7.545419692993164
T1,NORMAL,CONFIRM,2024-09-01,Toto2,2024-10-01,3.327580486591171,0.6208629608154297
T1,NORMAL,CONFIRM,2024-09-01,WeightedEnsemble,2024-10-01,3.327580486591171,-4.762645244598389
T1,NORMAL,CONFIRM,2024-09-01,sifir,2024-10-01,3.327580486591171,0.0
T1,NORMAL,CONFIRM,2024-09-01,naive,2024-10-01,3.327580486591171,7.04738061920738
T1,NORMAL,CONFIRM,2024-09-01,mevsimsel_naive,2024-10-01,3.327580486591171,-5.411747753329739
T1,NORMAL,CONFIRM,2024-09-01,son12_ortalama,2024-10-01,3.327580486591171,2.7361196027508066
T1,NORMAL,CONFIRM,2024-10-01,SeasonalNaive,2024-11-01,-7.756517541922955,0.6836670329135736
T1,NORMAL,CONFIRM,2024-10-01,RecursiveTabular,2024-11-01,-7.756517541922955,1.8650567531585693
T1,NORMAL,CONFIRM,2024-10-01,DirectTabular,2024-11-01,-7.756517541922955,-10.624266624450684
T1,NORMAL,CONFIRM,2024-10-01,ETS,2024-11-01,-7.756517541922955,0.5300094875768346
T1,NORMAL,CONFIRM,2024-10-01,Theta,2024-11-01,-7.756517541922955,3.3807716369628906
T1,NORMAL,CONFIRM,2024-10-01,Chronos2,2024-11-01,-7.756517541922955,-12.374177932739258
T1,NORMAL,CONFIRM,2024-10-01,Toto2,2024-11-01,-7.756517541922955,1.1881808042526245
T1,NORMAL,CONFIRM,2024-10-01,WeightedEnsemble,2024-11-01,-7.756517541922955,3.3807716369628906
T1,NORMAL,CONFIRM,2024-10-01,sifir,2024-11-01,-7.756517541922955,0.0
T1,NORMAL,CONFIRM,2024-10-01,naive,2024-11-01,-7.756517541922955,3.327580486591171
T1,NORMAL,CONFIRM,2024-10-01,mevsimsel_naive,2024-11-01,-7.756517541922955,0.6836670329135736
T1,NORMAL,CONFIRM,2024-10-01,son12_ortalama,2024-11-01,-7.756517541922955,3.46439695607755
T1,NORMAL,CONFIRM,2024-11-01,SeasonalNaive,2024-12-01,6.704961095125488,19.77279579310386
T1,NORMAL,CONFIRM,2024-11-01,RecursiveTabular,2024-12-01,6.704961095125488,18.431777954101562
T1,NORMAL,CONFIRM,2024-11-01,DirectTabular,2024-12-01,6.704961095125488,2.054896593093872
T1,NORMAL,CONFIRM,2024-11-01,ETS,2024-12-01,6.704961095125488,0.3917675364470886
T1,NORMAL,CONFIRM,2024-11-01,Theta,2024-12-01,6.704961095125488,2.3666203022003174
T1,NORMAL,CONFIRM,2024-11-01,Chronos2,2024-12-01,6.704961095125488,1.9779510498046875
T1,NORMAL,CONFIRM,2024-11-01,Toto2,2024-12-01,6.704961095125488,0.7250978350639343
T1,NORMAL,CONFIRM,2024-11-01,WeightedEnsemble,2024-12-01,6.704961095125488,8.608597655794513
T1,NORMAL,CONFIRM,2024-11-01,sifir,2024-12-01,6.704961095125488,0.0
T1,NORMAL,CONFIRM,2024-11-01,naive,2024-12-01,6.704961095125488,-7.756517541922955
T1,NORMAL,CONFIRM,2024-11-01,mevsimsel_naive,2024-12-01,6.704961095125488,19.77279579310386
T1,NORMAL,CONFIRM,2024-11-01,son12_ortalama,2024-12-01,6.704961095125488,2.761048241507839
T1,NORMAL,CONFIRM,2024-12-01,SeasonalNaive,2025-01-01,-19.99837095153764,-3.789774658603178
T1,NORMAL,CONFIRM,2024-12-01,RecursiveTabular,2025-01-01,-19.99837095153764,-22.502197265625
T1,NORMAL,CONFIRM,2024-12-01,DirectTabular,2025-01-01,-19.99837095153764,-4.68100643157959
T1,NORMAL,CONFIRM,2024-12-01,ETS,2025-01-01,-19.99837095153764,0.4676464556683632
T1,NORMAL,CONFIRM,2024-12-01,Theta,2025-01-01,-19.99837095153764,2.9595327377319336
T1,NORMAL,CONFIRM,2024-12-01,Chronos2,2025-01-01,-19.99837095153764,-3.496337652206421
T1,NORMAL,CONFIRM,2024-12-01,Toto2,2025-01-01,-19.99837095153764,0.689176082611084
T1,NORMAL,CONFIRM,2024-12-01,WeightedEnsemble,2025-01-01,-19.99837095153764,-9.642737746238708
T1,NORMAL,CONFIRM,2024-12-01,sifir,2025-01-01,-19.99837095153764,0.0
T1,NORMAL,CONFIRM,2024-12-01,naive,2025-01-01,-19.99837095153764,6.704961095125488
T1,NORMAL,CONFIRM,2024-12-01,mevsimsel_naive,2025-01-01,-19.99837095153764,-3.789774658603178
T1,NORMAL,CONFIRM,2024-12-01,son12_ortalama,2025-01-01,-19.99837095153764,1.6720620166763076
T1,NORMAL,CONFIRM,2025-01-01,SeasonalNaive,2025-02-01,-5.767297615654137,7.749209014338981
T1,NORMAL,CONFIRM,2025-01-01,RecursiveTabular,2025-02-01,-5.767297615654137,7.367417335510254
T1,NORMAL,CONFIRM,2025-01-01,DirectTabular,2025-02-01,-5.767297615654137,12.81125545501709
T1,NORMAL,CONFIRM,2025-01-01,ETS,2025-02-01,-5.767297615654137,0.24765835257922367
T1,NORMAL,CONFIRM,2025-01-01,Theta,2025-02-01,-5.767297615654137,0.716558039188385
T1,NORMAL,CONFIRM,2025-01-01,Chronos2,2025-02-01,-5.767297615654137,9.444377899169922
T1,NORMAL,CONFIRM,2025-01-01,Toto2,2025-02-01,-5.767297615654137,-0.35704994201660156
T1,NORMAL,CONFIRM,2025-01-01,WeightedEnsemble,2025-02-01,-5.767297615654137,8.604653271761807
T1,NORMAL,CONFIRM,2025-01-01,sifir,2025-02-01,-5.767297615654137,0.0
T1,NORMAL,CONFIRM,2025-01-01,naive,2025-02-01,-5.767297615654137,-19.99837095153764
T1,NORMAL,CONFIRM,2025-01-01,mevsimsel_naive,2025-02-01,-5.767297615654137,7.749209014338981
T1,NORMAL,CONFIRM,2025-01-01,son12_ortalama,2025-02-01,-5.767297615654137,0.3213456589317687
T1,NORMAL,CONFIRM,2025-02-01,SeasonalNaive,2025-03-01,6.396736859880686,1.2104133914463409
T1,NORMAL,CONFIRM,2025-02-01,RecursiveTabular,2025-03-01,6.396736859880686,16.212339401245117
T1,NORMAL,CONFIRM,2025-02-01,DirectTabular,2025-03-01,6.396736859880686,-0.03272757679224014
T1,NORMAL,CONFIRM,2025-02-01,ETS,2025-03-01,6.396736859880686,0.17374747647812688
T1,NORMAL,CONFIRM,2025-02-01,Theta,2025-03-01,6.396736859880686,0.17064568400382996
T1,NORMAL,CONFIRM,2025-02-01,Chronos2,2025-03-01,6.396736859880686,15.081523895263672
T1,NORMAL,CONFIRM,2025-02-01,Toto2,2025-03-01,6.396736859880686,-0.2309780865907669
T1,NORMAL,CONFIRM,2025-02-01,WeightedEnsemble,2025-03-01,6.396736859880686,-0.2309780865907669
T1,NORMAL,CONFIRM,2025-02-01,sifir,2025-03-01,6.396736859880686,0.0
T1,NORMAL,CONFIRM,2025-02-01,naive,2025-03-01,6.396736859880686,-5.767297615654137
T1,NORMAL,CONFIRM,2025-02-01,mevsimsel_naive,2025-03-01,6.396736859880686,1.2104133914463409
T1,NORMAL,CONFIRM,2025-02-01,son12_ortalama,2025-03-01,6.396736859880686,-0.8050298935676571
T1,NORMAL,CONFIRM,2025-03-01,SeasonalNaive,2025-04-01,14.929726128531914,-11.890361841629028
T1,NORMAL,CONFIRM,2025-03-01,RecursiveTabular,2025-04-01,14.929726128531914,-7.475966930389404
T1,NORMAL,CONFIRM,2025-03-01,DirectTabular,2025-04-01,14.929726128531914,-0.9577798247337341
T1,NORMAL,CONFIRM,2025-03-01,ETS,2025-04-01,14.929726128531914,0.24767182498269014
T1,NORMAL,CONFIRM,2025-03-01,Theta,2025-04-01,14.929726128531914,0.9435428380966187
T1,NORMAL,CONFIRM,2025-03-01,Chronos2,2025-04-01,14.929726128531914,-2.380897283554077
T1,NORMAL,CONFIRM,2025-03-01,Toto2,2025-04-01,14.929726128531914,0.09887504577636719
T1,NORMAL,CONFIRM,2025-03-01,WeightedEnsemble,2025-04-01,14.929726128531914,-7.593691380277924
T1,NORMAL,CONFIRM,2025-03-01,sifir,2025-04-01,14.929726128531914,0.0
T1,NORMAL,CONFIRM,2025-03-01,naive,2025-04-01,14.929726128531914,6.396736859880686
T1,NORMAL,CONFIRM,2025-03-01,mevsimsel_naive,2025-04-01,14.929726128531914,-11.890361841629028
T1,NORMAL,CONFIRM,2025-03-01,son12_ortalama,2025-04-01,14.929726128531914,-0.3728362711981286
T1,NORMAL,CONFIRM,2025-04-01,SeasonalNaive,2025-05-01,0.192994740536437,13.32602151279732
T1,NORMAL,CONFIRM,2025-04-01,RecursiveTabular,2025-05-01,0.192994740536437,14.398075103759766
T1,NORMAL,CONFIRM,2025-04-01,DirectTabular,2025-05-01,0.192994740536437,4.288279056549072
T1,NORMAL,CONFIRM,2025-04-01,ETS,2025-05-01,0.192994740536437,0.391798650509071
T1,NORMAL,CONFIRM,2025-04-01,Theta,2025-05-01,0.192994740536437,2.5284385681152344
T1,NORMAL,CONFIRM,2025-04-01,Chronos2,2025-05-01,0.192994740536437,-5.639244556427002
T1,NORMAL,CONFIRM,2025-04-01,Toto2,2025-05-01,0.192994740536437,1.3184583187103271
T1,NORMAL,CONFIRM,2025-04-01,WeightedEnsemble,2025-05-01,0.192994740536437,2.5284385681152344
T1,NORMAL,CONFIRM,2025-04-01,sifir,2025-05-01,0.192994740536437,0.0
T1,NORMAL,CONFIRM,2025-04-01,naive,2025-05-01,0.192994740536437,14.929726128531914
T1,NORMAL,CONFIRM,2025-04-01,mevsimsel_naive,2025-05-01,0.192994740536437,13.32602151279732
T1,NORMAL,CONFIRM,2025-04-01,son12_ortalama,2025-05-01,0.192994740536437,1.8621710596486165
T1,NORMAL,CONFIRM,2025-05-01,SeasonalNaive,2025-06-01,-14.270827490454112,-30.09849464291795
T1,NORMAL,CONFIRM,2025-05-01,RecursiveTabular,2025-06-01,-14.270827490454112,-28.00752830505371
T1,NORMAL,CONFIRM,2025-05-01,DirectTabular,2025-06-01,-14.270827490454112,-0.12492474913597107
T1,NORMAL,CONFIRM,2025-05-01,ETS,2025-06-01,-14.270827490454112,0.3917787701180737
T1,NORMAL,CONFIRM,2025-05-01,Theta,2025-06-01,-14.270827490454112,2.4232640266418457
T1,NORMAL,CONFIRM,2025-05-01,Chronos2,2025-06-01,-14.270827490454112,-8.945351600646973
T1,NORMAL,CONFIRM,2025-05-01,Toto2,2025-06-01,-14.270827490454112,0.3124646544456482
T1,NORMAL,CONFIRM,2025-05-01,WeightedEnsemble,2025-06-01,-14.270827490454112,-0.025362760620157188
T1,NORMAL,CONFIRM,2025-05-01,sifir,2025-06-01,-14.270827490454112,0.0
T1,NORMAL,CONFIRM,2025-05-01,naive,2025-06-01,-14.270827490454112,0.192994740536437
T1,NORMAL,CONFIRM,2025-05-01,mevsimsel_naive,2025-06-01,-14.270827490454112,-30.09849464291795
T1,NORMAL,CONFIRM,2025-05-01,son12_ortalama,2025-06-01,-14.270827490454112,0.7677521619602096
